solid OpenSCAD_Model
  facet normal 1 -0 0
    outer loop
      vertex 24.5 -1 16
      vertex 24.5 1 2
      vertex 24.5 1 16
    endloop
  endfacet
  facet normal 1 0 0
    outer loop
      vertex 24.5 1 2
      vertex 24.5 -1 16
      vertex 24.5 -1 2
    endloop
  endfacet
  facet normal 0 0 1
    outer loop
      vertex 24.5 1 16
      vertex 23 0 16
      vertex 24.5 -1 16
    endloop
  endfacet
  facet normal 0 -0 1
    outer loop
      vertex 23 0 16
      vertex 24.5 1 16
      vertex 22.9686 1 16
    endloop
  endfacet
  facet normal 0 0 1
    outer loop
      vertex 24.5 -1 16
      vertex 23 0 16
      vertex 22.9686 -1 16
    endloop
  endfacet
  facet normal 0 0 -1
    outer loop
      vertex 24.5 -1 2
      vertex 23 0 2
      vertex 24.5 1 2
    endloop
  endfacet
  facet normal 0 -0 -1
    outer loop
      vertex 23 0 2
      vertex 24.5 -1 2
      vertex 22.9686 -1 2
    endloop
  endfacet
  facet normal -0 0 -1
    outer loop
      vertex 24.5 1 2
      vertex 23 0 2
      vertex 22.9686 1 2
    endloop
  endfacet
  facet normal 0 1 -0
    outer loop
      vertex 24.5 1 2
      vertex 22.9686 1 16
      vertex 24.5 1 16
    endloop
  endfacet
  facet normal 0 1 0
    outer loop
      vertex 22.9686 1 16
      vertex 24.5 1 2
      vertex 22.9686 1 2
    endloop
  endfacet
  facet normal 0 -1 0
    outer loop
      vertex 22.9686 -1 2
      vertex 24.5 -1 16
      vertex 22.9686 -1 16
    endloop
  endfacet
  facet normal 0 -1 -0
    outer loop
      vertex 24.5 -1 16
      vertex 22.9686 -1 2
      vertex 24.5 -1 2
    endloop
  endfacet
  facet normal 0 0 1
    outer loop
      vertex 20.1551 11.0803 16
      vertex 21.7176 11.384 16
      vertex 20.7176 13.116 16
    endloop
  endfacet
  facet normal 0 0 1
    outer loop
      vertex 21.7176 11.384 16
      vertex 20.1551 11.0803 16
      vertex 20.3907 10.6179 16
    endloop
  endfacet
  facet normal 0 0 1
    outer loop
      vertex 20.7176 13.116 16
      vertex 19.4195 12.324 16
      vertex 20.1551 11.0803 16
    endloop
  endfacet
  facet normal 0 -0 1
    outer loop
      vertex 19.4195 12.324 16
      vertex 20.7176 13.116 16
      vertex 19.3988 12.3546 16
    endloop
  endfacet
  facet normal -0.499995 0.866028 0
    outer loop
      vertex 20.7176 13.116 2
      vertex 19.3988 12.3546 16
      vertex 20.7176 13.116 16
    endloop
  endfacet
  facet normal -0.499995 0.866028 0
    outer loop
      vertex 19.3988 12.3546 16
      vertex 20.7176 13.116 2
      vertex 19.3988 12.3546 2
    endloop
  endfacet
  facet normal 0 0 -1
    outer loop
      vertex 20.1551 11.0803 2
      vertex 21.7176 11.384 2
      vertex 20.3907 10.6179 2
    endloop
  endfacet
  facet normal -0 0 -1
    outer loop
      vertex 21.7176 11.384 2
      vertex 20.1551 11.0803 2
      vertex 20.7176 13.116 2
    endloop
  endfacet
  facet normal 0 0 -1
    outer loop
      vertex 19.4195 12.324 2
      vertex 20.7176 13.116 2
      vertex 20.1551 11.0803 2
    endloop
  endfacet
  facet normal 0 0 -1
    outer loop
      vertex 20.7176 13.116 2
      vertex 19.4195 12.324 2
      vertex 19.3988 12.3546 2
    endloop
  endfacet
  facet normal 0.500007 -0.866021 0
    outer loop
      vertex 20.3907 10.6179 2
      vertex 21.7176 11.384 16
      vertex 20.3907 10.6179 16
    endloop
  endfacet
  facet normal 0.500007 -0.866021 0
    outer loop
      vertex 21.7176 11.384 16
      vertex 20.3907 10.6179 2
      vertex 21.7176 11.384 2
    endloop
  endfacet
  facet normal 0.866019 0.500011 0
    outer loop
      vertex 21.7176 11.384 16
      vertex 20.7176 13.116 2
      vertex 20.7176 13.116 16
    endloop
  endfacet
  facet normal 0.866019 0.500011 0
    outer loop
      vertex 20.7176 13.116 2
      vertex 21.7176 11.384 16
      vertex 21.7176 11.384 2
    endloop
  endfacet
  facet normal 0 0 1
    outer loop
      vertex 13.116 20.7176 16
      vertex 12.324 19.4195 16
      vertex 12.3546 19.3988 16
    endloop
  endfacet
  facet normal 0 0 1
    outer loop
      vertex 11.0803 20.1551 16
      vertex 13.116 20.7176 16
      vertex 11.384 21.7176 16
    endloop
  endfacet
  facet normal 0 0 1
    outer loop
      vertex 13.116 20.7176 16
      vertex 11.0803 20.1551 16
      vertex 12.324 19.4195 16
    endloop
  endfacet
  facet normal 0 -0 1
    outer loop
      vertex 11.0803 20.1551 16
      vertex 11.384 21.7176 16
      vertex 10.6179 20.3907 16
    endloop
  endfacet
  facet normal -0.866021 0.500007 0
    outer loop
      vertex 10.6179 20.3907 2
      vertex 11.384 21.7176 16
      vertex 11.384 21.7176 2
    endloop
  endfacet
  facet normal -0.866021 0.500007 0
    outer loop
      vertex 11.384 21.7176 16
      vertex 10.6179 20.3907 2
      vertex 10.6179 20.3907 16
    endloop
  endfacet
  facet normal 0 0 -1
    outer loop
      vertex 12.324 19.4195 2
      vertex 13.116 20.7176 2
      vertex 12.3546 19.3988 2
    endloop
  endfacet
  facet normal 0 0 -1
    outer loop
      vertex 11.0803 20.1551 2
      vertex 13.116 20.7176 2
      vertex 12.324 19.4195 2
    endloop
  endfacet
  facet normal -0 0 -1
    outer loop
      vertex 13.116 20.7176 2
      vertex 11.0803 20.1551 2
      vertex 11.384 21.7176 2
    endloop
  endfacet
  facet normal 0 0 -1
    outer loop
      vertex 11.384 21.7176 2
      vertex 11.0803 20.1551 2
      vertex 10.6179 20.3907 2
    endloop
  endfacet
  facet normal 0.866028 -0.499995 0
    outer loop
      vertex 12.3546 19.3988 16
      vertex 13.116 20.7176 2
      vertex 13.116 20.7176 16
    endloop
  endfacet
  facet normal 0.866028 -0.499995 0
    outer loop
      vertex 13.116 20.7176 2
      vertex 12.3546 19.3988 16
      vertex 12.3546 19.3988 2
    endloop
  endfacet
  facet normal 0.500011 0.866019 -0
    outer loop
      vertex 13.116 20.7176 2
      vertex 11.384 21.7176 16
      vertex 13.116 20.7176 16
    endloop
  endfacet
  facet normal 0.500011 0.866019 0
    outer loop
      vertex 11.384 21.7176 16
      vertex 13.116 20.7176 2
      vertex 11.384 21.7176 2
    endloop
  endfacet
  facet normal 0 0 1
    outer loop
      vertex 1 24.5 16
      vertex 0 23 16
      vertex 1 22.9686 16
    endloop
  endfacet
  facet normal -0 0 1
    outer loop
      vertex -1 24.5 16
      vertex 0 23 16
      vertex 1 24.5 16
    endloop
  endfacet
  facet normal 0 0 1
    outer loop
      vertex 0 23 16
      vertex -1 24.5 16
      vertex -1 22.9686 16
    endloop
  endfacet
  facet normal -1 0 0
    outer loop
      vertex -1 22.9686 2
      vertex -1 24.5 16
      vertex -1 24.5 2
    endloop
  endfacet
  facet normal -1 -0 0
    outer loop
      vertex -1 24.5 16
      vertex -1 22.9686 2
      vertex -1 22.9686 16
    endloop
  endfacet
  facet normal 0 0 -1
    outer loop
      vertex 0 23 2
      vertex 1 24.5 2
      vertex 1 22.9686 2
    endloop
  endfacet
  facet normal 0 0 -1
    outer loop
      vertex -1 24.5 2
      vertex 0 23 2
      vertex -1 22.9686 2
    endloop
  endfacet
  facet normal 0 0 -1
    outer loop
      vertex 0 23 2
      vertex -1 24.5 2
      vertex 1 24.5 2
    endloop
  endfacet
  facet normal 1 -0 0
    outer loop
      vertex 1 22.9686 16
      vertex 1 24.5 2
      vertex 1 24.5 16
    endloop
  endfacet
  facet normal 1 0 0
    outer loop
      vertex 1 24.5 2
      vertex 1 22.9686 16
      vertex 1 22.9686 2
    endloop
  endfacet
  facet normal 0 1 -0
    outer loop
      vertex 1 24.5 2
      vertex -1 24.5 16
      vertex 1 24.5 16
    endloop
  endfacet
  facet normal 0 1 0
    outer loop
      vertex -1 24.5 16
      vertex 1 24.5 2
      vertex -1 24.5 2
    endloop
  endfacet
  facet normal 0 0 1
    outer loop
      vertex -11.384 21.7176 16
      vertex -11.0803 20.1551 16
      vertex -10.6179 20.3907 16
    endloop
  endfacet
  facet normal -0 0 1
    outer loop
      vertex -13.116 20.7176 16
      vertex -11.0803 20.1551 16
      vertex -11.384 21.7176 16
    endloop
  endfacet
  facet normal 0 0 1
    outer loop
      vertex -11.0803 20.1551 16
      vertex -13.116 20.7176 16
      vertex -12.324 19.4195 16
    endloop
  endfacet
  facet normal 0 0 1
    outer loop
      vertex -12.324 19.4195 16
      vertex -13.116 20.7176 16
      vertex -12.3546 19.3988 16
    endloop
  endfacet
  facet normal -0.866028 -0.499995 0
    outer loop
      vertex -12.3546 19.3988 2
      vertex -13.116 20.7176 16
      vertex -13.116 20.7176 2
    endloop
  endfacet
  facet normal -0.866028 -0.499995 0
    outer loop
      vertex -13.116 20.7176 16
      vertex -12.3546 19.3988 2
      vertex -12.3546 19.3988 16
    endloop
  endfacet
  facet normal 0 0 -1
    outer loop
      vertex -11.0803 20.1551 2
      vertex -11.384 21.7176 2
      vertex -10.6179 20.3907 2
    endloop
  endfacet
  facet normal 0 0 -1
    outer loop
      vertex -13.116 20.7176 2
      vertex -11.0803 20.1551 2
      vertex -12.324 19.4195 2
    endloop
  endfacet
  facet normal 0 0 -1
    outer loop
      vertex -13.116 20.7176 2
      vertex -12.324 19.4195 2
      vertex -12.3546 19.3988 2
    endloop
  endfacet
  facet normal 0 0 -1
    outer loop
      vertex -11.0803 20.1551 2
      vertex -13.116 20.7176 2
      vertex -11.384 21.7176 2
    endloop
  endfacet
  facet normal 0.866021 0.500007 0
    outer loop
      vertex -10.6179 20.3907 16
      vertex -11.384 21.7176 2
      vertex -11.384 21.7176 16
    endloop
  endfacet
  facet normal 0.866021 0.500007 0
    outer loop
      vertex -11.384 21.7176 2
      vertex -10.6179 20.3907 16
      vertex -10.6179 20.3907 2
    endloop
  endfacet
  facet normal -0.500011 0.866019 0
    outer loop
      vertex -11.384 21.7176 2
      vertex -13.116 20.7176 16
      vertex -11.384 21.7176 16
    endloop
  endfacet
  facet normal -0.500011 0.866019 0
    outer loop
      vertex -13.116 20.7176 16
      vertex -11.384 21.7176 2
      vertex -13.116 20.7176 2
    endloop
  endfacet
  facet normal 0 0 1
    outer loop
      vertex -20.7176 13.116 16
      vertex -19.4195 12.324 16
      vertex -19.3988 12.3546 16
    endloop
  endfacet
  facet normal 0 0 1
    outer loop
      vertex -20.7176 13.116 16
      vertex -20.1551 11.0803 16
      vertex -19.4195 12.324 16
    endloop
  endfacet
  facet normal -0 0 1
    outer loop
      vertex -21.7176 11.384 16
      vertex -20.1551 11.0803 16
      vertex -20.7176 13.116 16
    endloop
  endfacet
  facet normal 0 0 1
    outer loop
      vertex -20.1551 11.0803 16
      vertex -21.7176 11.384 16
      vertex -20.3907 10.6179 16
    endloop
  endfacet
  facet normal -0.500007 -0.866021 0
    outer loop
      vertex -21.7176 11.384 2
      vertex -20.3907 10.6179 16
      vertex -21.7176 11.384 16
    endloop
  endfacet
  facet normal -0.500007 -0.866021 -0
    outer loop
      vertex -20.3907 10.6179 16
      vertex -21.7176 11.384 2
      vertex -20.3907 10.6179 2
    endloop
  endfacet
  facet normal 0 0 -1
    outer loop
      vertex -19.4195 12.324 2
      vertex -20.7176 13.116 2
      vertex -19.3988 12.3546 2
    endloop
  endfacet
  facet normal 0 0 -1
    outer loop
      vertex -20.1551 11.0803 2
      vertex -20.7176 13.116 2
      vertex -19.4195 12.324 2
    endloop
  endfacet
  facet normal 0 0 -1
    outer loop
      vertex -21.7176 11.384 2
      vertex -20.1551 11.0803 2
      vertex -20.3907 10.6179 2
    endloop
  endfacet
  facet normal 0 0 -1
    outer loop
      vertex -20.1551 11.0803 2
      vertex -21.7176 11.384 2
      vertex -20.7176 13.116 2
    endloop
  endfacet
  facet normal 0.499995 0.866028 -0
    outer loop
      vertex -19.3988 12.3546 2
      vertex -20.7176 13.116 16
      vertex -19.3988 12.3546 16
    endloop
  endfacet
  facet normal 0.499995 0.866028 0
    outer loop
      vertex -20.7176 13.116 16
      vertex -19.3988 12.3546 2
      vertex -20.7176 13.116 2
    endloop
  endfacet
  facet normal -0.866019 0.500011 0
    outer loop
      vertex -21.7176 11.384 2
      vertex -20.7176 13.116 16
      vertex -20.7176 13.116 2
    endloop
  endfacet
  facet normal -0.866019 0.500011 0
    outer loop
      vertex -20.7176 13.116 16
      vertex -21.7176 11.384 2
      vertex -21.7176 11.384 16
    endloop
  endfacet
  facet normal 0 0 1
    outer loop
      vertex -22.9686 1 16
      vertex -24.5 1 16
      vertex -23 0 16
    endloop
  endfacet
  facet normal 0 0 1
    outer loop
      vertex -24.5 -1 16
      vertex -23 0 16
      vertex -24.5 1 16
    endloop
  endfacet
  facet normal 0 0 1
    outer loop
      vertex -23 0 16
      vertex -24.5 -1 16
      vertex -22.9686 -1 16
    endloop
  endfacet
  facet normal 0 -1 0
    outer loop
      vertex -24.5 -1 2
      vertex -22.9686 -1 16
      vertex -24.5 -1 16
    endloop
  endfacet
  facet normal 0 -1 -0
    outer loop
      vertex -22.9686 -1 16
      vertex -24.5 -1 2
      vertex -22.9686 -1 2
    endloop
  endfacet
  facet normal 0 0 -1
    outer loop
      vertex -22.9686 -1 2
      vertex -24.5 -1 2
      vertex -23 0 2
    endloop
  endfacet
  facet normal 0 0 -1
    outer loop
      vertex -24.5 1 2
      vertex -23 0 2
      vertex -24.5 -1 2
    endloop
  endfacet
  facet normal 0 0 -1
    outer loop
      vertex -23 0 2
      vertex -24.5 1 2
      vertex -22.9686 1 2
    endloop
  endfacet
  facet normal 0 1 -0
    outer loop
      vertex -22.9686 1 2
      vertex -24.5 1 16
      vertex -22.9686 1 16
    endloop
  endfacet
  facet normal 0 1 0
    outer loop
      vertex -24.5 1 16
      vertex -22.9686 1 2
      vertex -24.5 1 2
    endloop
  endfacet
  facet normal -1 0 0
    outer loop
      vertex -24.5 -1 2
      vertex -24.5 1 16
      vertex -24.5 1 2
    endloop
  endfacet
  facet normal -1 -0 0
    outer loop
      vertex -24.5 1 16
      vertex -24.5 -1 2
      vertex -24.5 -1 16
    endloop
  endfacet
  facet normal -0.866019 -0.500011 0
    outer loop
      vertex -20.7176 -13.116 2
      vertex -21.7176 -11.384 16
      vertex -21.7176 -11.384 2
    endloop
  endfacet
  facet normal -0.866019 -0.500011 0
    outer loop
      vertex -21.7176 -11.384 16
      vertex -20.7176 -13.116 2
      vertex -20.7176 -13.116 16
    endloop
  endfacet
  facet normal 0 0 1
    outer loop
      vertex -19.4195 -12.324 16
      vertex -20.7176 -13.116 16
      vertex -19.3988 -12.3546 16
    endloop
  endfacet
  facet normal 0 0 1
    outer loop
      vertex -20.1551 -11.0803 16
      vertex -20.7176 -13.116 16
      vertex -19.4195 -12.324 16
    endloop
  endfacet
  facet normal 0 0 1
    outer loop
      vertex -21.7176 -11.384 16
      vertex -20.1551 -11.0803 16
      vertex -20.3907 -10.6179 16
    endloop
  endfacet
  facet normal 0 0 1
    outer loop
      vertex -20.1551 -11.0803 16
      vertex -21.7176 -11.384 16
      vertex -20.7176 -13.116 16
    endloop
  endfacet
  facet normal 0 0 -1
    outer loop
      vertex -20.7176 -13.116 2
      vertex -19.4195 -12.324 2
      vertex -19.3988 -12.3546 2
    endloop
  endfacet
  facet normal 0 0 -1
    outer loop
      vertex -20.7176 -13.116 2
      vertex -20.1551 -11.0803 2
      vertex -19.4195 -12.324 2
    endloop
  endfacet
  facet normal 0 0 -1
    outer loop
      vertex -21.7176 -11.384 2
      vertex -20.1551 -11.0803 2
      vertex -20.7176 -13.116 2
    endloop
  endfacet
  facet normal -0 0 -1
    outer loop
      vertex -20.1551 -11.0803 2
      vertex -21.7176 -11.384 2
      vertex -20.3907 -10.6179 2
    endloop
  endfacet
  facet normal 0.499995 -0.866028 0
    outer loop
      vertex -20.7176 -13.116 2
      vertex -19.3988 -12.3546 16
      vertex -20.7176 -13.116 16
    endloop
  endfacet
  facet normal 0.499995 -0.866028 0
    outer loop
      vertex -19.3988 -12.3546 16
      vertex -20.7176 -13.116 2
      vertex -19.3988 -12.3546 2
    endloop
  endfacet
  facet normal -0.500007 0.866021 0
    outer loop
      vertex -20.3907 -10.6179 2
      vertex -21.7176 -11.384 16
      vertex -20.3907 -10.6179 16
    endloop
  endfacet
  facet normal -0.500007 0.866021 0
    outer loop
      vertex -21.7176 -11.384 16
      vertex -20.3907 -10.6179 2
      vertex -21.7176 -11.384 2
    endloop
  endfacet
  facet normal -0.500011 -0.866019 0
    outer loop
      vertex -13.116 -20.7176 2
      vertex -11.384 -21.7176 16
      vertex -13.116 -20.7176 16
    endloop
  endfacet
  facet normal -0.500011 -0.866019 -0
    outer loop
      vertex -11.384 -21.7176 16
      vertex -13.116 -20.7176 2
      vertex -11.384 -21.7176 2
    endloop
  endfacet
  facet normal 0 0 1
    outer loop
      vertex -11.0803 -20.1551 16
      vertex -11.384 -21.7176 16
      vertex -10.6179 -20.3907 16
    endloop
  endfacet
  facet normal 0 0 1
    outer loop
      vertex -13.116 -20.7176 16
      vertex -11.0803 -20.1551 16
      vertex -12.324 -19.4195 16
    endloop
  endfacet
  facet normal 0 0 1
    outer loop
      vertex -13.116 -20.7176 16
      vertex -12.324 -19.4195 16
      vertex -12.3546 -19.3988 16
    endloop
  endfacet
  facet normal 0 0 1
    outer loop
      vertex -11.0803 -20.1551 16
      vertex -13.116 -20.7176 16
      vertex -11.384 -21.7176 16
    endloop
  endfacet
  facet normal 0 0 -1
    outer loop
      vertex -11.384 -21.7176 2
      vertex -11.0803 -20.1551 2
      vertex -10.6179 -20.3907 2
    endloop
  endfacet
  facet normal 0 0 -1
    outer loop
      vertex -13.116 -20.7176 2
      vertex -11.0803 -20.1551 2
      vertex -11.384 -21.7176 2
    endloop
  endfacet
  facet normal -0 0 -1
    outer loop
      vertex -11.0803 -20.1551 2
      vertex -13.116 -20.7176 2
      vertex -12.324 -19.4195 2
    endloop
  endfacet
  facet normal -0 0 -1
    outer loop
      vertex -12.324 -19.4195 2
      vertex -13.116 -20.7176 2
      vertex -12.3546 -19.3988 2
    endloop
  endfacet
  facet normal 0.866021 -0.500007 0
    outer loop
      vertex -11.384 -21.7176 16
      vertex -10.6179 -20.3907 2
      vertex -10.6179 -20.3907 16
    endloop
  endfacet
  facet normal 0.866021 -0.500007 0
    outer loop
      vertex -10.6179 -20.3907 2
      vertex -11.384 -21.7176 16
      vertex -11.384 -21.7176 2
    endloop
  endfacet
  facet normal -0.866028 0.499995 0
    outer loop
      vertex -13.116 -20.7176 2
      vertex -12.3546 -19.3988 16
      vertex -12.3546 -19.3988 2
    endloop
  endfacet
  facet normal -0.866028 0.499995 0
    outer loop
      vertex -12.3546 -19.3988 16
      vertex -13.116 -20.7176 2
      vertex -13.116 -20.7176 16
    endloop
  endfacet
  facet normal 0 -1 0
    outer loop
      vertex -1 -24.5 2
      vertex 1 -24.5 16
      vertex -1 -24.5 16
    endloop
  endfacet
  facet normal 0 -1 -0
    outer loop
      vertex 1 -24.5 16
      vertex -1 -24.5 2
      vertex 1 -24.5 2
    endloop
  endfacet
  facet normal -0 0 1
    outer loop
      vertex 0 -23 16
      vertex 1 -24.5 16
      vertex 1 -22.9686 16
    endloop
  endfacet
  facet normal 0 0 1
    outer loop
      vertex -1 -24.5 16
      vertex 0 -23 16
      vertex -1 -22.9686 16
    endloop
  endfacet
  facet normal 0 0 1
    outer loop
      vertex 0 -23 16
      vertex -1 -24.5 16
      vertex 1 -24.5 16
    endloop
  endfacet
  facet normal 0 0 -1
    outer loop
      vertex 1 -24.5 2
      vertex 0 -23 2
      vertex 1 -22.9686 2
    endloop
  endfacet
  facet normal 0 0 -1
    outer loop
      vertex -1 -24.5 2
      vertex 0 -23 2
      vertex 1 -24.5 2
    endloop
  endfacet
  facet normal -0 0 -1
    outer loop
      vertex 0 -23 2
      vertex -1 -24.5 2
      vertex -1 -22.9686 2
    endloop
  endfacet
  facet normal 1 -0 0
    outer loop
      vertex 1 -24.5 16
      vertex 1 -22.9686 2
      vertex 1 -22.9686 16
    endloop
  endfacet
  facet normal 1 0 0
    outer loop
      vertex 1 -22.9686 2
      vertex 1 -24.5 16
      vertex 1 -24.5 2
    endloop
  endfacet
  facet normal -1 0 0
    outer loop
      vertex -1 -24.5 2
      vertex -1 -22.9686 16
      vertex -1 -22.9686 2
    endloop
  endfacet
  facet normal -1 -0 0
    outer loop
      vertex -1 -22.9686 16
      vertex -1 -24.5 2
      vertex -1 -24.5 16
    endloop
  endfacet
  facet normal 0.500011 -0.866019 0
    outer loop
      vertex 11.384 -21.7176 2
      vertex 13.116 -20.7176 16
      vertex 11.384 -21.7176 16
    endloop
  endfacet
  facet normal 0.500011 -0.866019 0
    outer loop
      vertex 13.116 -20.7176 16
      vertex 11.384 -21.7176 2
      vertex 13.116 -20.7176 2
    endloop
  endfacet
  facet normal -0 0 1
    outer loop
      vertex 12.324 -19.4195 16
      vertex 13.116 -20.7176 16
      vertex 12.3546 -19.3988 16
    endloop
  endfacet
  facet normal -0 0 1
    outer loop
      vertex 11.0803 -20.1551 16
      vertex 13.116 -20.7176 16
      vertex 12.324 -19.4195 16
    endloop
  endfacet
  facet normal 0 0 1
    outer loop
      vertex 13.116 -20.7176 16
      vertex 11.0803 -20.1551 16
      vertex 11.384 -21.7176 16
    endloop
  endfacet
  facet normal 0 0 1
    outer loop
      vertex 11.384 -21.7176 16
      vertex 11.0803 -20.1551 16
      vertex 10.6179 -20.3907 16
    endloop
  endfacet
  facet normal 0 0 -1
    outer loop
      vertex 13.116 -20.7176 2
      vertex 12.324 -19.4195 2
      vertex 12.3546 -19.3988 2
    endloop
  endfacet
  facet normal 0 0 -1
    outer loop
      vertex 11.0803 -20.1551 2
      vertex 13.116 -20.7176 2
      vertex 11.384 -21.7176 2
    endloop
  endfacet
  facet normal 0 0 -1
    outer loop
      vertex 13.116 -20.7176 2
      vertex 11.0803 -20.1551 2
      vertex 12.324 -19.4195 2
    endloop
  endfacet
  facet normal 0 -0 -1
    outer loop
      vertex 11.0803 -20.1551 2
      vertex 11.384 -21.7176 2
      vertex 10.6179 -20.3907 2
    endloop
  endfacet
  facet normal 0.866028 0.499995 0
    outer loop
      vertex 13.116 -20.7176 16
      vertex 12.3546 -19.3988 2
      vertex 12.3546 -19.3988 16
    endloop
  endfacet
  facet normal 0.866028 0.499995 0
    outer loop
      vertex 12.3546 -19.3988 2
      vertex 13.116 -20.7176 16
      vertex 13.116 -20.7176 2
    endloop
  endfacet
  facet normal -0.866021 -0.500007 0
    outer loop
      vertex 11.384 -21.7176 2
      vertex 10.6179 -20.3907 16
      vertex 10.6179 -20.3907 2
    endloop
  endfacet
  facet normal -0.866021 -0.500007 0
    outer loop
      vertex 10.6179 -20.3907 16
      vertex 11.384 -21.7176 2
      vertex 11.384 -21.7176 16
    endloop
  endfacet
  facet normal 0.866019 -0.500011 0
    outer loop
      vertex 20.7176 -13.116 16
      vertex 21.7176 -11.384 2
      vertex 21.7176 -11.384 16
    endloop
  endfacet
  facet normal 0.866019 -0.500011 0
    outer loop
      vertex 21.7176 -11.384 2
      vertex 20.7176 -13.116 16
      vertex 20.7176 -13.116 2
    endloop
  endfacet
  facet normal -0 0 1
    outer loop
      vertex 20.1551 -11.0803 16
      vertex 21.7176 -11.384 16
      vertex 20.3907 -10.6179 16
    endloop
  endfacet
  facet normal 0 0 1
    outer loop
      vertex 21.7176 -11.384 16
      vertex 20.1551 -11.0803 16
      vertex 20.7176 -13.116 16
    endloop
  endfacet
  facet normal -0 0 1
    outer loop
      vertex 19.4195 -12.324 16
      vertex 20.7176 -13.116 16
      vertex 20.1551 -11.0803 16
    endloop
  endfacet
  facet normal 0 0 1
    outer loop
      vertex 20.7176 -13.116 16
      vertex 19.4195 -12.324 16
      vertex 19.3988 -12.3546 16
    endloop
  endfacet
  facet normal 0 0 -1
    outer loop
      vertex 20.1551 -11.0803 2
      vertex 21.7176 -11.384 2
      vertex 20.7176 -13.116 2
    endloop
  endfacet
  facet normal 0 0 -1
    outer loop
      vertex 21.7176 -11.384 2
      vertex 20.1551 -11.0803 2
      vertex 20.3907 -10.6179 2
    endloop
  endfacet
  facet normal 0 0 -1
    outer loop
      vertex 20.7176 -13.116 2
      vertex 19.4195 -12.324 2
      vertex 20.1551 -11.0803 2
    endloop
  endfacet
  facet normal 0 -0 -1
    outer loop
      vertex 19.4195 -12.324 2
      vertex 20.7176 -13.116 2
      vertex 19.3988 -12.3546 2
    endloop
  endfacet
  facet normal 0.500007 0.866021 -0
    outer loop
      vertex 21.7176 -11.384 2
      vertex 20.3907 -10.6179 16
      vertex 21.7176 -11.384 16
    endloop
  endfacet
  facet normal 0.500007 0.866021 0
    outer loop
      vertex 20.3907 -10.6179 16
      vertex 21.7176 -11.384 2
      vertex 20.3907 -10.6179 2
    endloop
  endfacet
  facet normal -0.499995 -0.866028 0
    outer loop
      vertex 19.3988 -12.3546 2
      vertex 20.7176 -13.116 16
      vertex 19.3988 -12.3546 16
    endloop
  endfacet
  facet normal -0.499995 -0.866028 -0
    outer loop
      vertex 20.7176 -13.116 16
      vertex 19.3988 -12.3546 2
      vertex 20.7176 -13.116 2
    endloop
  endfacet
  facet normal 0.960296 0.278984 0
    outer loop
      vertex 22.2774 5.71987 18
      vertex 21.8743 7.10739 0
      vertex 21.8743 7.10739 18
    endloop
  endfacet
  facet normal 0.960296 0.278984 0
    outer loop
      vertex 21.8743 7.10739 0
      vertex 22.2774 5.71987 18
      vertex 22.2774 5.71987 0
    endloop
  endfacet
  facet normal 0.99556 0.0941245 0
    outer loop
      vertex 22.9546 1.44418 18
      vertex 22.8186 2.88266 0
      vertex 22.8186 2.88266 18
    endloop
  endfacet
  facet normal 0.99556 0.0941245 0
    outer loop
      vertex 22.8186 2.88266 0
      vertex 22.9546 1.44418 18
      vertex 22.9546 1.44418 0
    endloop
  endfacet
  facet normal 0.999504 0.0315031 0
    outer loop
      vertex 22.9546 1.44418 18
      vertex 22.9686 1 16
      vertex 22.9546 1.44418 0
    endloop
  endfacet
  facet normal 0.999506 0.031421 1.82532e-05
    outer loop
      vertex 23 0 18
      vertex 22.9686 1 16
      vertex 22.9546 1.44418 18
    endloop
  endfacet
  facet normal 0.999507 0.0313845 0
    outer loop
      vertex 22.9686 1 16
      vertex 23 0 18
      vertex 23 0 16
    endloop
  endfacet
  facet normal 0.999504 0.0315031 -0
    outer loop
      vertex 22.9686 1 2
      vertex 22.9546 1.44418 0
      vertex 22.9686 1 16
    endloop
  endfacet
  facet normal 0.999507 0.0313845 -0
    outer loop
      vertex 23 0 0
      vertex 22.9686 1 2
      vertex 23 0 2
    endloop
  endfacet
  facet normal 0.999506 0.031421 -1.82532e-05
    outer loop
      vertex 22.9686 1 2
      vertex 23 0 0
      vertex 22.9546 1.44418 0
    endloop
  endfacet
  facet normal 0.987692 0.156413 0
    outer loop
      vertex 22.8186 2.88266 18
      vertex 22.5926 4.30977 0
      vertex 22.5926 4.30977 18
    endloop
  endfacet
  facet normal 0.987692 0.156413 0
    outer loop
      vertex 22.5926 4.30977 0
      vertex 22.8186 2.88266 18
      vertex 22.8186 2.88266 0
    endloop
  endfacet
  facet normal -0.960296 -0.278984 0
    outer loop
      vertex -21.8743 -7.10739 0
      vertex -22.2774 -5.71987 18
      vertex -22.2774 -5.71987 0
    endloop
  endfacet
  facet normal -0.960296 -0.278984 0
    outer loop
      vertex -22.2774 -5.71987 18
      vertex -21.8743 -7.10739 0
      vertex -21.8743 -7.10739 18
    endloop
  endfacet
  facet normal -0.975916 -0.218147 0
    outer loop
      vertex -22.2774 -5.71987 0
      vertex -22.5926 -4.30977 18
      vertex -22.5926 -4.30977 0
    endloop
  endfacet
  facet normal -0.975916 -0.218147 0
    outer loop
      vertex -22.5926 -4.30977 18
      vertex -22.2774 -5.71987 0
      vertex -22.2774 -5.71987 18
    endloop
  endfacet
  facet normal 0.917739 -0.397184 0
    outer loop
      vertex 20.811 -9.79292 18
      vertex 21.3849 -8.46686 0
      vertex 21.3849 -8.46686 18
    endloop
  endfacet
  facet normal 0.917739 -0.397184 0
    outer loop
      vertex 21.3849 -8.46686 0
      vertex 20.811 -9.79292 18
      vertex 20.811 -9.79292 0
    endloop
  endfacet
  facet normal -0.960296 0.278984 0
    outer loop
      vertex -22.2774 5.71987 0
      vertex -21.8743 7.10739 18
      vertex -21.8743 7.10739 0
    endloop
  endfacet
  facet normal -0.960296 0.278984 0
    outer loop
      vertex -21.8743 7.10739 18
      vertex -22.2774 5.71987 0
      vertex -22.2774 5.71987 18
    endloop
  endfacet
  facet normal 0.999507 -0.0313845 0
    outer loop
      vertex 23 0 18
      vertex 22.9686 -1 16
      vertex 23 0 16
    endloop
  endfacet
  facet normal 0.999504 -0.0315031 0
    outer loop
      vertex 22.9686 -1 16
      vertex 22.9546 -1.44418 18
      vertex 22.9686 -1 2
    endloop
  endfacet
  facet normal 0.999506 -0.031421 1.82532e-05
    outer loop
      vertex 22.9546 -1.44418 18
      vertex 22.9686 -1 16
      vertex 23 0 18
    endloop
  endfacet
  facet normal 0.999507 -0.0313845 0
    outer loop
      vertex 22.9686 -1 2
      vertex 23 0 0
      vertex 23 0 2
    endloop
  endfacet
  facet normal 0.999506 -0.031421 -1.82532e-05
    outer loop
      vertex 22.9686 -1 2
      vertex 22.9546 -1.44418 0
      vertex 23 0 0
    endloop
  endfacet
  facet normal 0.999504 -0.0315031 0
    outer loop
      vertex 22.9546 -1.44418 0
      vertex 22.9686 -1 2
      vertex 22.9546 -1.44418 18
    endloop
  endfacet
  facet normal -0.397184 -0.917739 0
    outer loop
      vertex -9.79292 -20.811 0
      vertex -8.46686 -21.3849 18
      vertex -9.79292 -20.811 18
    endloop
  endfacet
  facet normal -0.397184 -0.917739 -0
    outer loop
      vertex -8.46686 -21.3849 18
      vertex -9.79292 -20.811 0
      vertex -8.46686 -21.3849 0
    endloop
  endfacet
  facet normal 0.917739 0.397184 0
    outer loop
      vertex 21.3849 8.46686 18
      vertex 20.811 9.79292 0
      vertex 20.811 9.79292 18
    endloop
  endfacet
  facet normal 0.917739 0.397184 0
    outer loop
      vertex 20.811 9.79292 0
      vertex 21.3849 8.46686 18
      vertex 21.3849 8.46686 0
    endloop
  endfacet
  facet normal 0.509081 0.860718 -0
    outer loop
      vertex 12.324 19.4195 16
      vertex 11.0803 20.1551 18
      vertex 12.324 19.4195 18
    endloop
  endfacet
  facet normal 0.509081 0.860718 0
    outer loop
      vertex 11.0803 20.1551 18
      vertex 12.324 19.4195 16
      vertex 11.0803 20.1551 16
    endloop
  endfacet
  facet normal 0.509081 0.860718 -0
    outer loop
      vertex 12.324 19.4195 0
      vertex 11.0803 20.1551 2
      vertex 12.324 19.4195 2
    endloop
  endfacet
  facet normal 0.509081 0.860718 0
    outer loop
      vertex 11.0803 20.1551 2
      vertex 12.324 19.4195 0
      vertex 11.0803 20.1551 0
    endloop
  endfacet
  facet normal 0 0 -1
    outer loop
      vertex 22.9546 -1.44418 0
      vertex 22.9546 1.44418 0
      vertex 23 0 0
    endloop
  endfacet
  facet normal 0 0 -1
    outer loop
      vertex 22.8186 -2.88266 0
      vertex 22.9546 1.44418 0
      vertex 22.9546 -1.44418 0
    endloop
  endfacet
  facet normal 0 0 -1
    outer loop
      vertex 22.8186 -2.88266 0
      vertex 22.8186 2.88266 0
      vertex 22.9546 1.44418 0
    endloop
  endfacet
  facet normal 0 0 -1
    outer loop
      vertex 22.5926 -4.30977 0
      vertex 22.8186 2.88266 0
      vertex 22.8186 -2.88266 0
    endloop
  endfacet
  facet normal 0 0 -1
    outer loop
      vertex 22.5926 -4.30977 0
      vertex 22.5926 4.30977 0
      vertex 22.8186 2.88266 0
    endloop
  endfacet
  facet normal 0 0 -1
    outer loop
      vertex 22.2774 -5.71987 0
      vertex 22.5926 4.30977 0
      vertex 22.5926 -4.30977 0
    endloop
  endfacet
  facet normal 0 0 -1
    outer loop
      vertex 22.2774 -5.71987 0
      vertex 22.2774 5.71987 0
      vertex 22.5926 4.30977 0
    endloop
  endfacet
  facet normal 0 0 -1
    outer loop
      vertex 21.8743 -7.10739 0
      vertex 22.2774 5.71987 0
      vertex 22.2774 -5.71987 0
    endloop
  endfacet
  facet normal 0 0 -1
    outer loop
      vertex 21.8743 -7.10739 0
      vertex 21.8743 7.10739 0
      vertex 22.2774 5.71987 0
    endloop
  endfacet
  facet normal 0 0 -1
    outer loop
      vertex 21.3849 -8.46686 0
      vertex 21.8743 7.10739 0
      vertex 21.8743 -7.10739 0
    endloop
  endfacet
  facet normal 0 0 -1
    outer loop
      vertex 21.3849 -8.46686 0
      vertex 21.3849 8.46686 0
      vertex 21.8743 7.10739 0
    endloop
  endfacet
  facet normal 0 0 -1
    outer loop
      vertex 20.811 -9.79292 0
      vertex 21.3849 8.46686 0
      vertex 21.3849 -8.46686 0
    endloop
  endfacet
  facet normal 0 0 -1
    outer loop
      vertex 20.811 -9.79292 0
      vertex 20.811 9.79292 0
      vertex 21.3849 8.46686 0
    endloop
  endfacet
  facet normal 0 0 -1
    outer loop
      vertex 20.1551 -11.0803 0
      vertex 20.811 9.79292 0
      vertex 20.811 -9.79292 0
    endloop
  endfacet
  facet normal 0 0 -1
    outer loop
      vertex 20.1551 -11.0803 0
      vertex 20.1551 11.0803 0
      vertex 20.811 9.79292 0
    endloop
  endfacet
  facet normal 0 0 -1
    outer loop
      vertex 19.4195 -12.324 0
      vertex 20.1551 11.0803 0
      vertex 20.1551 -11.0803 0
    endloop
  endfacet
  facet normal 0 0 -1
    outer loop
      vertex 19.4195 -12.324 0
      vertex 19.4195 12.324 0
      vertex 20.1551 11.0803 0
    endloop
  endfacet
  facet normal 0 0 -1
    outer loop
      vertex 18.6074 -13.5191 0
      vertex 19.4195 12.324 0
      vertex 19.4195 -12.324 0
    endloop
  endfacet
  facet normal 0 0 -1
    outer loop
      vertex 18.6074 -13.5191 0
      vertex 18.6074 13.5191 0
      vertex 19.4195 12.324 0
    endloop
  endfacet
  facet normal 0 0 -1
    outer loop
      vertex 17.7218 -14.6608 0
      vertex 18.6074 13.5191 0
      vertex 18.6074 -13.5191 0
    endloop
  endfacet
  facet normal 0 0 -1
    outer loop
      vertex 17.7218 -14.6608 0
      vertex 17.7218 14.6608 0
      vertex 18.6074 13.5191 0
    endloop
  endfacet
  facet normal 0 0 -1
    outer loop
      vertex 16.7663 -15.7446 0
      vertex 17.7218 14.6608 0
      vertex 17.7218 -14.6608 0
    endloop
  endfacet
  facet normal 0 0 -1
    outer loop
      vertex 16.7663 -15.7446 0
      vertex 16.7663 15.7446 0
      vertex 17.7218 14.6608 0
    endloop
  endfacet
  facet normal 0 0 -1
    outer loop
      vertex 15.7446 -16.7663 0
      vertex 16.7663 15.7446 0
      vertex 16.7663 -15.7446 0
    endloop
  endfacet
  facet normal 0 0 -1
    outer loop
      vertex 15.7446 -16.7663 0
      vertex 15.7446 16.7663 0
      vertex 16.7663 15.7446 0
    endloop
  endfacet
  facet normal 0 0 -1
    outer loop
      vertex 14.6608 -17.7218 0
      vertex 15.7446 16.7663 0
      vertex 15.7446 -16.7663 0
    endloop
  endfacet
  facet normal 0 0 -1
    outer loop
      vertex 14.6608 -17.7218 0
      vertex 14.6608 17.7218 0
      vertex 15.7446 16.7663 0
    endloop
  endfacet
  facet normal 0 0 -1
    outer loop
      vertex 13.5191 -18.6074 0
      vertex 14.6608 17.7218 0
      vertex 14.6608 -17.7218 0
    endloop
  endfacet
  facet normal 0 0 -1
    outer loop
      vertex 13.5191 -18.6074 0
      vertex 13.5191 18.6074 0
      vertex 14.6608 17.7218 0
    endloop
  endfacet
  facet normal 0 0 -1
    outer loop
      vertex 12.324 -19.4195 0
      vertex 13.5191 18.6074 0
      vertex 13.5191 -18.6074 0
    endloop
  endfacet
  facet normal 0 0 -1
    outer loop
      vertex 12.324 -19.4195 0
      vertex 12.324 19.4195 0
      vertex 13.5191 18.6074 0
    endloop
  endfacet
  facet normal 0 0 -1
    outer loop
      vertex 11.0803 -20.1551 0
      vertex 12.324 19.4195 0
      vertex 12.324 -19.4195 0
    endloop
  endfacet
  facet normal 0 0 -1
    outer loop
      vertex 11.0803 -20.1551 0
      vertex 11.0803 20.1551 0
      vertex 12.324 19.4195 0
    endloop
  endfacet
  facet normal 0 0 -1
    outer loop
      vertex 9.79292 -20.811 0
      vertex 11.0803 20.1551 0
      vertex 11.0803 -20.1551 0
    endloop
  endfacet
  facet normal 0 0 -1
    outer loop
      vertex 9.79292 -20.811 0
      vertex 9.79292 20.811 0
      vertex 11.0803 20.1551 0
    endloop
  endfacet
  facet normal 0 0 -1
    outer loop
      vertex 8.46686 -21.3849 0
      vertex 9.79292 20.811 0
      vertex 9.79292 -20.811 0
    endloop
  endfacet
  facet normal 0 0 -1
    outer loop
      vertex 8.46686 -21.3849 0
      vertex 8.46686 21.3849 0
      vertex 9.79292 20.811 0
    endloop
  endfacet
  facet normal 0 0 -1
    outer loop
      vertex 7.10739 -21.8743 0
      vertex 8.46686 21.3849 0
      vertex 8.46686 -21.3849 0
    endloop
  endfacet
  facet normal 0 0 -1
    outer loop
      vertex 7.10739 -21.8743 0
      vertex 7.10739 21.8743 0
      vertex 8.46686 21.3849 0
    endloop
  endfacet
  facet normal 0 0 -1
    outer loop
      vertex 5.71987 -22.2774 0
      vertex 7.10739 21.8743 0
      vertex 7.10739 -21.8743 0
    endloop
  endfacet
  facet normal 0 0 -1
    outer loop
      vertex 5.71987 -22.2774 0
      vertex 5.71987 22.2774 0
      vertex 7.10739 21.8743 0
    endloop
  endfacet
  facet normal 0 0 -1
    outer loop
      vertex 4.30977 -22.5926 0
      vertex 5.71987 22.2774 0
      vertex 5.71987 -22.2774 0
    endloop
  endfacet
  facet normal 0 0 -1
    outer loop
      vertex 4.30977 -22.5926 0
      vertex 4.30977 22.5926 0
      vertex 5.71987 22.2774 0
    endloop
  endfacet
  facet normal 0 0 -1
    outer loop
      vertex 2.88266 -22.8186 0
      vertex 4.30977 22.5926 0
      vertex 4.30977 -22.5926 0
    endloop
  endfacet
  facet normal 0 0 -1
    outer loop
      vertex 2.88266 -22.8186 0
      vertex 2.88266 22.8186 0
      vertex 4.30977 22.5926 0
    endloop
  endfacet
  facet normal 0 0 -1
    outer loop
      vertex 1.44418 -22.9546 0
      vertex 2.88266 22.8186 0
      vertex 2.88266 -22.8186 0
    endloop
  endfacet
  facet normal 0 0 -1
    outer loop
      vertex 1.44418 -22.9546 0
      vertex 1.44418 22.9546 0
      vertex 2.88266 22.8186 0
    endloop
  endfacet
  facet normal 0 0 -1
    outer loop
      vertex 0 -23 0
      vertex 1.44418 22.9546 0
      vertex 1.44418 -22.9546 0
    endloop
  endfacet
  facet normal 0 0 -1
    outer loop
      vertex 0 -23 0
      vertex 0 23 0
      vertex 1.44418 22.9546 0
    endloop
  endfacet
  facet normal 0 0 -1
    outer loop
      vertex -1.44418 -22.9546 0
      vertex 0 23 0
      vertex 0 -23 0
    endloop
  endfacet
  facet normal 0 0 -1
    outer loop
      vertex -1.44418 -22.9546 0
      vertex -1.44418 22.9546 0
      vertex 0 23 0
    endloop
  endfacet
  facet normal 0 0 -1
    outer loop
      vertex -2.88266 -22.8186 0
      vertex -1.44418 22.9546 0
      vertex -1.44418 -22.9546 0
    endloop
  endfacet
  facet normal 0 0 -1
    outer loop
      vertex -2.88266 -22.8186 0
      vertex -2.88266 22.8186 0
      vertex -1.44418 22.9546 0
    endloop
  endfacet
  facet normal 0 0 -1
    outer loop
      vertex -4.30977 -22.5926 0
      vertex -2.88266 22.8186 0
      vertex -2.88266 -22.8186 0
    endloop
  endfacet
  facet normal 0 0 -1
    outer loop
      vertex -4.30977 -22.5926 0
      vertex -4.30977 22.5926 0
      vertex -2.88266 22.8186 0
    endloop
  endfacet
  facet normal 0 0 -1
    outer loop
      vertex -5.71987 -22.2774 0
      vertex -4.30977 22.5926 0
      vertex -4.30977 -22.5926 0
    endloop
  endfacet
  facet normal 0 0 -1
    outer loop
      vertex -5.71987 -22.2774 0
      vertex -5.71987 22.2774 0
      vertex -4.30977 22.5926 0
    endloop
  endfacet
  facet normal 0 0 -1
    outer loop
      vertex -7.10739 -21.8743 0
      vertex -5.71987 22.2774 0
      vertex -5.71987 -22.2774 0
    endloop
  endfacet
  facet normal 0 0 -1
    outer loop
      vertex -7.10739 -21.8743 0
      vertex -7.10739 21.8743 0
      vertex -5.71987 22.2774 0
    endloop
  endfacet
  facet normal 0 0 -1
    outer loop
      vertex -8.46686 -21.3849 0
      vertex -7.10739 21.8743 0
      vertex -7.10739 -21.8743 0
    endloop
  endfacet
  facet normal 0 0 -1
    outer loop
      vertex -8.46686 -21.3849 0
      vertex -8.46686 21.3849 0
      vertex -7.10739 21.8743 0
    endloop
  endfacet
  facet normal 0 0 -1
    outer loop
      vertex -9.79292 -20.811 0
      vertex -8.46686 21.3849 0
      vertex -8.46686 -21.3849 0
    endloop
  endfacet
  facet normal 0 0 -1
    outer loop
      vertex -9.79292 -20.811 0
      vertex -9.79292 20.811 0
      vertex -8.46686 21.3849 0
    endloop
  endfacet
  facet normal 0 0 -1
    outer loop
      vertex -11.0803 -20.1551 0
      vertex -9.79292 20.811 0
      vertex -9.79292 -20.811 0
    endloop
  endfacet
  facet normal 0 0 -1
    outer loop
      vertex -11.0803 -20.1551 0
      vertex -11.0803 20.1551 0
      vertex -9.79292 20.811 0
    endloop
  endfacet
  facet normal 0 0 -1
    outer loop
      vertex -12.324 -19.4195 0
      vertex -11.0803 20.1551 0
      vertex -11.0803 -20.1551 0
    endloop
  endfacet
  facet normal 0 0 -1
    outer loop
      vertex -12.324 -19.4195 0
      vertex -12.324 19.4195 0
      vertex -11.0803 20.1551 0
    endloop
  endfacet
  facet normal 0 0 -1
    outer loop
      vertex -13.5191 -18.6074 0
      vertex -12.324 19.4195 0
      vertex -12.324 -19.4195 0
    endloop
  endfacet
  facet normal 0 0 -1
    outer loop
      vertex -13.5191 -18.6074 0
      vertex -13.5191 18.6074 0
      vertex -12.324 19.4195 0
    endloop
  endfacet
  facet normal 0 0 -1
    outer loop
      vertex -14.6608 -17.7218 0
      vertex -13.5191 18.6074 0
      vertex -13.5191 -18.6074 0
    endloop
  endfacet
  facet normal 0 0 -1
    outer loop
      vertex -14.6608 -17.7218 0
      vertex -14.6608 17.7218 0
      vertex -13.5191 18.6074 0
    endloop
  endfacet
  facet normal 0 0 -1
    outer loop
      vertex -15.7446 -16.7663 0
      vertex -14.6608 17.7218 0
      vertex -14.6608 -17.7218 0
    endloop
  endfacet
  facet normal 0 0 -1
    outer loop
      vertex -15.7446 -16.7663 0
      vertex -15.7446 16.7663 0
      vertex -14.6608 17.7218 0
    endloop
  endfacet
  facet normal 0 0 -1
    outer loop
      vertex -16.7663 -15.7446 0
      vertex -15.7446 16.7663 0
      vertex -15.7446 -16.7663 0
    endloop
  endfacet
  facet normal 0 0 -1
    outer loop
      vertex -16.7663 -15.7446 0
      vertex -16.7663 15.7446 0
      vertex -15.7446 16.7663 0
    endloop
  endfacet
  facet normal 0 0 -1
    outer loop
      vertex -17.7218 -14.6608 0
      vertex -16.7663 15.7446 0
      vertex -16.7663 -15.7446 0
    endloop
  endfacet
  facet normal 0 0 -1
    outer loop
      vertex -17.7218 -14.6608 0
      vertex -17.7218 14.6608 0
      vertex -16.7663 15.7446 0
    endloop
  endfacet
  facet normal 0 0 -1
    outer loop
      vertex -18.6074 -13.5191 0
      vertex -17.7218 14.6608 0
      vertex -17.7218 -14.6608 0
    endloop
  endfacet
  facet normal 0 0 -1
    outer loop
      vertex -18.6074 -13.5191 0
      vertex -18.6074 13.5191 0
      vertex -17.7218 14.6608 0
    endloop
  endfacet
  facet normal 0 0 -1
    outer loop
      vertex -19.4195 -12.324 0
      vertex -18.6074 13.5191 0
      vertex -18.6074 -13.5191 0
    endloop
  endfacet
  facet normal 0 0 -1
    outer loop
      vertex -19.4195 -12.324 0
      vertex -19.4195 12.324 0
      vertex -18.6074 13.5191 0
    endloop
  endfacet
  facet normal 0 0 -1
    outer loop
      vertex -20.1551 -11.0803 0
      vertex -19.4195 12.324 0
      vertex -19.4195 -12.324 0
    endloop
  endfacet
  facet normal 0 0 -1
    outer loop
      vertex -20.1551 -11.0803 0
      vertex -20.1551 11.0803 0
      vertex -19.4195 12.324 0
    endloop
  endfacet
  facet normal 0 0 -1
    outer loop
      vertex -20.811 -9.79292 0
      vertex -20.1551 11.0803 0
      vertex -20.1551 -11.0803 0
    endloop
  endfacet
  facet normal 0 0 -1
    outer loop
      vertex -20.811 -9.79292 0
      vertex -20.811 9.79292 0
      vertex -20.1551 11.0803 0
    endloop
  endfacet
  facet normal 0 0 -1
    outer loop
      vertex -21.3849 -8.46686 0
      vertex -20.811 9.79292 0
      vertex -20.811 -9.79292 0
    endloop
  endfacet
  facet normal 0 0 -1
    outer loop
      vertex -21.3849 -8.46686 0
      vertex -21.3849 8.46686 0
      vertex -20.811 9.79292 0
    endloop
  endfacet
  facet normal 0 0 -1
    outer loop
      vertex -21.8743 -7.10739 0
      vertex -21.3849 8.46686 0
      vertex -21.3849 -8.46686 0
    endloop
  endfacet
  facet normal 0 0 -1
    outer loop
      vertex -21.8743 -7.10739 0
      vertex -21.8743 7.10739 0
      vertex -21.3849 8.46686 0
    endloop
  endfacet
  facet normal 0 0 -1
    outer loop
      vertex -22.2774 -5.71987 0
      vertex -21.8743 7.10739 0
      vertex -21.8743 -7.10739 0
    endloop
  endfacet
  facet normal 0 0 -1
    outer loop
      vertex -22.2774 -5.71987 0
      vertex -22.2774 5.71987 0
      vertex -21.8743 7.10739 0
    endloop
  endfacet
  facet normal 0 0 -1
    outer loop
      vertex -22.5926 -4.30977 0
      vertex -22.2774 5.71987 0
      vertex -22.2774 -5.71987 0
    endloop
  endfacet
  facet normal 0 0 -1
    outer loop
      vertex -22.5926 -4.30977 0
      vertex -22.5926 4.30977 0
      vertex -22.2774 5.71987 0
    endloop
  endfacet
  facet normal 0 0 -1
    outer loop
      vertex -22.8186 -2.88266 0
      vertex -22.5926 4.30977 0
      vertex -22.5926 -4.30977 0
    endloop
  endfacet
  facet normal 0 0 -1
    outer loop
      vertex -22.8186 -2.88266 0
      vertex -22.8186 2.88266 0
      vertex -22.5926 4.30977 0
    endloop
  endfacet
  facet normal 0 0 -1
    outer loop
      vertex -22.9546 -1.44418 0
      vertex -22.8186 2.88266 0
      vertex -22.8186 -2.88266 0
    endloop
  endfacet
  facet normal 0 0 -1
    outer loop
      vertex -22.9546 -1.44418 0
      vertex -22.9546 1.44418 0
      vertex -22.8186 2.88266 0
    endloop
  endfacet
  facet normal 0 -0 -1
    outer loop
      vertex -22.9546 1.44418 0
      vertex -22.9546 -1.44418 0
      vertex -23 0 0
    endloop
  endfacet
  facet normal 0.827078 0.562087 0
    outer loop
      vertex 18.6074 13.5191 18
      vertex 19.3988 12.3546 16
      vertex 18.6074 13.5191 0
    endloop
  endfacet
  facet normal 0.827109 0.562041 3.86494e-05
    outer loop
      vertex 19.4195 12.324 18
      vertex 19.3988 12.3546 16
      vertex 18.6074 13.5191 18
    endloop
  endfacet
  facet normal 0.828283 0.560309 0
    outer loop
      vertex 19.3988 12.3546 16
      vertex 19.4195 12.324 18
      vertex 19.4195 12.324 16
    endloop
  endfacet
  facet normal 0.827078 0.562087 -0
    outer loop
      vertex 19.3988 12.3546 2
      vertex 18.6074 13.5191 0
      vertex 19.3988 12.3546 16
    endloop
  endfacet
  facet normal 0.828283 0.560309 -0
    outer loop
      vertex 19.4195 12.324 0
      vertex 19.3988 12.3546 2
      vertex 19.4195 12.324 2
    endloop
  endfacet
  facet normal 0.827109 0.562041 -3.86494e-05
    outer loop
      vertex 19.3988 12.3546 2
      vertex 19.4195 12.324 0
      vertex 18.6074 13.5191 0
    endloop
  endfacet
  facet normal 0.562041 0.827109 3.86494e-05
    outer loop
      vertex 13.5191 18.6074 18
      vertex 12.3546 19.3988 16
      vertex 12.324 19.4195 18
    endloop
  endfacet
  facet normal 0.562087 0.827078 0
    outer loop
      vertex 13.5191 18.6074 18
      vertex 12.3546 19.3988 2
      vertex 12.3546 19.3988 16
    endloop
  endfacet
  facet normal 0.562087 0.827078 -0
    outer loop
      vertex 13.5191 18.6074 0
      vertex 12.3546 19.3988 2
      vertex 13.5191 18.6074 18
    endloop
  endfacet
  facet normal 0.562041 0.827109 -3.86494e-05
    outer loop
      vertex 12.324 19.4195 0
      vertex 12.3546 19.3988 2
      vertex 13.5191 18.6074 0
    endloop
  endfacet
  facet normal 0.560309 0.828283 0
    outer loop
      vertex 12.3546 19.3988 2
      vertex 12.324 19.4195 0
      vertex 12.324 19.4195 2
    endloop
  endfacet
  facet normal 0.560309 0.828283 0
    outer loop
      vertex 12.324 19.4195 18
      vertex 12.3546 19.3988 16
      vertex 12.324 19.4195 16
    endloop
  endfacet
  facet normal 0.940889 -0.338714 0
    outer loop
      vertex 21.3849 -8.46686 18
      vertex 21.8743 -7.10739 0
      vertex 21.8743 -7.10739 18
    endloop
  endfacet
  facet normal 0.940889 -0.338714 0
    outer loop
      vertex 21.8743 -7.10739 0
      vertex 21.3849 -8.46686 18
      vertex 21.3849 -8.46686 0
    endloop
  endfacet
  facet normal 0.975916 0.218147 0
    outer loop
      vertex 22.5926 4.30977 18
      vertex 22.2774 5.71987 0
      vertex 22.2774 5.71987 18
    endloop
  endfacet
  facet normal 0.975916 0.218147 0
    outer loop
      vertex 22.2774 5.71987 0
      vertex 22.5926 4.30977 18
      vertex 22.5926 4.30977 0
    endloop
  endfacet
  facet normal 0.61291 0.790153 -0
    outer loop
      vertex 14.6608 17.7218 0
      vertex 13.5191 18.6074 18
      vertex 14.6608 17.7218 18
    endloop
  endfacet
  facet normal 0.61291 0.790153 0
    outer loop
      vertex 13.5191 18.6074 18
      vertex 14.6608 17.7218 0
      vertex 13.5191 18.6074 0
    endloop
  endfacet
  facet normal -0.987692 -0.156413 0
    outer loop
      vertex -22.5926 -4.30977 0
      vertex -22.8186 -2.88266 18
      vertex -22.8186 -2.88266 0
    endloop
  endfacet
  facet normal -0.987692 -0.156413 0
    outer loop
      vertex -22.8186 -2.88266 18
      vertex -22.5926 -4.30977 0
      vertex -22.5926 -4.30977 18
    endloop
  endfacet
  facet normal 0.338714 -0.940889 0
    outer loop
      vertex 7.10739 -21.8743 0
      vertex 8.46686 -21.3849 18
      vertex 7.10739 -21.8743 18
    endloop
  endfacet
  facet normal 0.338714 -0.940889 0
    outer loop
      vertex 8.46686 -21.3849 18
      vertex 7.10739 -21.8743 0
      vertex 8.46686 -21.3849 0
    endloop
  endfacet
  facet normal -0.707107 0.707107 0
    outer loop
      vertex -16.7663 15.7446 0
      vertex -15.7446 16.7663 18
      vertex -15.7446 16.7663 0
    endloop
  endfacet
  facet normal -0.707107 0.707107 0
    outer loop
      vertex -15.7446 16.7663 18
      vertex -16.7663 15.7446 0
      vertex -16.7663 15.7446 18
    endloop
  endfacet
  facet normal 0.89101 0.453984 0
    outer loop
      vertex 20.1551 11.0803 18
      vertex 20.3907 10.6179 16
      vertex 20.1551 11.0803 16
    endloop
  endfacet
  facet normal 0.891028 0.453949 0
    outer loop
      vertex 20.3907 10.6179 16
      vertex 20.811 9.79292 18
      vertex 20.3907 10.6179 2
    endloop
  endfacet
  facet normal 0.891021 0.453961 6.42564e-06
    outer loop
      vertex 20.811 9.79292 18
      vertex 20.3907 10.6179 16
      vertex 20.1551 11.0803 18
    endloop
  endfacet
  facet normal 0.89101 0.453984 0
    outer loop
      vertex 20.3907 10.6179 2
      vertex 20.1551 11.0803 0
      vertex 20.1551 11.0803 2
    endloop
  endfacet
  facet normal 0.891021 0.453961 -6.42564e-06
    outer loop
      vertex 20.3907 10.6179 2
      vertex 20.811 9.79292 0
      vertex 20.1551 11.0803 0
    endloop
  endfacet
  facet normal 0.891028 0.453949 -0
    outer loop
      vertex 20.811 9.79292 0
      vertex 20.3907 10.6179 2
      vertex 20.811 9.79292 18
    endloop
  endfacet
  facet normal 0.75011 0.661313 0
    outer loop
      vertex 17.7218 14.6608 18
      vertex 16.7663 15.7446 0
      vertex 16.7663 15.7446 18
    endloop
  endfacet
  facet normal 0.75011 0.661313 0
    outer loop
      vertex 16.7663 15.7446 0
      vertex 17.7218 14.6608 18
      vertex 17.7218 14.6608 0
    endloop
  endfacet
  facet normal -0.61291 0.790153 0
    outer loop
      vertex -13.5191 18.6074 0
      vertex -14.6608 17.7218 18
      vertex -13.5191 18.6074 18
    endloop
  endfacet
  facet normal -0.61291 0.790153 0
    outer loop
      vertex -14.6608 17.7218 18
      vertex -13.5191 18.6074 0
      vertex -14.6608 17.7218 0
    endloop
  endfacet
  facet normal 0.453984 0.89101 0
    outer loop
      vertex 11.0803 20.1551 2
      vertex 11.0803 20.1551 0
      vertex 10.6179 20.3907 2
    endloop
  endfacet
  facet normal 0.453984 0.89101 0
    outer loop
      vertex 10.6179 20.3907 16
      vertex 11.0803 20.1551 18
      vertex 11.0803 20.1551 16
    endloop
  endfacet
  facet normal 0.453961 0.891021 6.42564e-06
    outer loop
      vertex 11.0803 20.1551 18
      vertex 10.6179 20.3907 16
      vertex 9.79292 20.811 18
    endloop
  endfacet
  facet normal 0.453949 0.891028 -0
    outer loop
      vertex 10.6179 20.3907 2
      vertex 9.79292 20.811 18
      vertex 10.6179 20.3907 16
    endloop
  endfacet
  facet normal 0.453949 0.891028 0
    outer loop
      vertex 10.6179 20.3907 2
      vertex 9.79292 20.811 0
      vertex 9.79292 20.811 18
    endloop
  endfacet
  facet normal 0.453961 0.891021 -6.42564e-06
    outer loop
      vertex 9.79292 20.811 0
      vertex 10.6179 20.3907 2
      vertex 11.0803 20.1551 0
    endloop
  endfacet
  facet normal -0.99556 0.0941245 0
    outer loop
      vertex -22.9546 1.44418 0
      vertex -22.8186 2.88266 18
      vertex -22.8186 2.88266 0
    endloop
  endfacet
  facet normal -0.99556 0.0941245 0
    outer loop
      vertex -22.8186 2.88266 18
      vertex -22.9546 1.44418 0
      vertex -22.9546 1.44418 18
    endloop
  endfacet
  facet normal -0.218147 0.975916 0
    outer loop
      vertex -4.30977 22.5926 0
      vertex -5.71987 22.2774 18
      vertex -4.30977 22.5926 18
    endloop
  endfacet
  facet normal -0.218147 0.975916 0
    outer loop
      vertex -5.71987 22.2774 18
      vertex -4.30977 22.5926 0
      vertex -5.71987 22.2774 0
    endloop
  endfacet
  facet normal -0.0941245 0.99556 0
    outer loop
      vertex -1.44418 22.9546 0
      vertex -2.88266 22.8186 18
      vertex -1.44418 22.9546 18
    endloop
  endfacet
  facet normal -0.0941245 0.99556 0
    outer loop
      vertex -2.88266 22.8186 18
      vertex -1.44418 22.9546 0
      vertex -2.88266 22.8186 0
    endloop
  endfacet
  facet normal 0.338714 0.940889 -0
    outer loop
      vertex 8.46686 21.3849 0
      vertex 7.10739 21.8743 18
      vertex 8.46686 21.3849 18
    endloop
  endfacet
  facet normal 0.338714 0.940889 0
    outer loop
      vertex 7.10739 21.8743 18
      vertex 8.46686 21.3849 0
      vertex 7.10739 21.8743 0
    endloop
  endfacet
  facet normal -0.999507 -0.0313845 0
    outer loop
      vertex -23 0 0
      vertex -22.9686 -1 2
      vertex -23 0 2
    endloop
  endfacet
  facet normal -0.999504 -0.0315031 0
    outer loop
      vertex -22.9686 -1 2
      vertex -22.9546 -1.44418 0
      vertex -22.9686 -1 16
    endloop
  endfacet
  facet normal -0.999506 -0.031421 -1.82532e-05
    outer loop
      vertex -22.9546 -1.44418 0
      vertex -22.9686 -1 2
      vertex -23 0 0
    endloop
  endfacet
  facet normal -0.999507 -0.0313845 0
    outer loop
      vertex -22.9686 -1 16
      vertex -23 0 18
      vertex -23 0 16
    endloop
  endfacet
  facet normal -0.999506 -0.031421 1.82532e-05
    outer loop
      vertex -22.9686 -1 16
      vertex -22.9546 -1.44418 18
      vertex -23 0 18
    endloop
  endfacet
  facet normal -0.999504 -0.0315031 -0
    outer loop
      vertex -22.9546 -1.44418 18
      vertex -22.9686 -1 16
      vertex -22.9546 -1.44418 0
    endloop
  endfacet
  facet normal -0.860718 -0.509081 0
    outer loop
      vertex -19.4195 -12.324 0
      vertex -20.1551 -11.0803 2
      vertex -20.1551 -11.0803 0
    endloop
  endfacet
  facet normal -0.860718 -0.509081 0
    outer loop
      vertex -20.1551 -11.0803 2
      vertex -19.4195 -12.324 0
      vertex -19.4195 -12.324 2
    endloop
  endfacet
  facet normal -0.860718 -0.509081 0
    outer loop
      vertex -19.4195 -12.324 16
      vertex -20.1551 -11.0803 18
      vertex -20.1551 -11.0803 16
    endloop
  endfacet
  facet normal -0.860718 -0.509081 0
    outer loop
      vertex -20.1551 -11.0803 18
      vertex -19.4195 -12.324 16
      vertex -19.4195 -12.324 18
    endloop
  endfacet
  facet normal -0.278984 0.960296 0
    outer loop
      vertex -5.71987 22.2774 0
      vertex -7.10739 21.8743 18
      vertex -5.71987 22.2774 18
    endloop
  endfacet
  facet normal -0.278984 0.960296 0
    outer loop
      vertex -7.10739 21.8743 18
      vertex -5.71987 22.2774 0
      vertex -7.10739 21.8743 0
    endloop
  endfacet
  facet normal 0.975916 -0.218147 0
    outer loop
      vertex 22.2774 -5.71987 18
      vertex 22.5926 -4.30977 0
      vertex 22.5926 -4.30977 18
    endloop
  endfacet
  facet normal 0.975916 -0.218147 0
    outer loop
      vertex 22.5926 -4.30977 0
      vertex 22.2774 -5.71987 18
      vertex 22.2774 -5.71987 0
    endloop
  endfacet
  facet normal -0.560309 0.828283 0
    outer loop
      vertex -12.324 19.4195 2
      vertex -12.324 19.4195 0
      vertex -12.3546 19.3988 2
    endloop
  endfacet
  facet normal -0.560309 0.828283 0
    outer loop
      vertex -12.3546 19.3988 16
      vertex -12.324 19.4195 18
      vertex -12.324 19.4195 16
    endloop
  endfacet
  facet normal -0.562041 0.827109 3.86494e-05
    outer loop
      vertex -12.324 19.4195 18
      vertex -12.3546 19.3988 16
      vertex -13.5191 18.6074 18
    endloop
  endfacet
  facet normal -0.562087 0.827078 0
    outer loop
      vertex -12.3546 19.3988 2
      vertex -13.5191 18.6074 18
      vertex -12.3546 19.3988 16
    endloop
  endfacet
  facet normal -0.562041 0.827109 -3.86494e-05
    outer loop
      vertex -13.5191 18.6074 0
      vertex -12.3546 19.3988 2
      vertex -12.324 19.4195 0
    endloop
  endfacet
  facet normal -0.562087 0.827078 0
    outer loop
      vertex -12.3546 19.3988 2
      vertex -13.5191 18.6074 0
      vertex -13.5191 18.6074 18
    endloop
  endfacet
  facet normal -0.917739 0.397184 0
    outer loop
      vertex -21.3849 8.46686 0
      vertex -20.811 9.79292 18
      vertex -20.811 9.79292 0
    endloop
  endfacet
  facet normal -0.917739 0.397184 0
    outer loop
      vertex -20.811 9.79292 18
      vertex -21.3849 8.46686 0
      vertex -21.3849 8.46686 18
    endloop
  endfacet
  facet normal -0.75011 0.661313 0
    outer loop
      vertex -17.7218 14.6608 0
      vertex -16.7663 15.7446 18
      vertex -16.7663 15.7446 0
    endloop
  endfacet
  facet normal -0.75011 0.661313 0
    outer loop
      vertex -16.7663 15.7446 18
      vertex -17.7218 14.6608 0
      vertex -17.7218 14.6608 18
    endloop
  endfacet
  facet normal 0.0313845 -0.999507 0
    outer loop
      vertex 0 -23 2
      vertex 0 -23 0
      vertex 1 -22.9686 2
    endloop
  endfacet
  facet normal 0.0313845 -0.999507 0
    outer loop
      vertex 1 -22.9686 16
      vertex 0 -23 18
      vertex 0 -23 16
    endloop
  endfacet
  facet normal 0.031421 -0.999506 1.82532e-05
    outer loop
      vertex 0 -23 18
      vertex 1 -22.9686 16
      vertex 1.44418 -22.9546 18
    endloop
  endfacet
  facet normal 0.0315031 -0.999504 0
    outer loop
      vertex 1 -22.9686 2
      vertex 1.44418 -22.9546 18
      vertex 1 -22.9686 16
    endloop
  endfacet
  facet normal 0.0315031 -0.999504 0
    outer loop
      vertex 1 -22.9686 2
      vertex 1.44418 -22.9546 0
      vertex 1.44418 -22.9546 18
    endloop
  endfacet
  facet normal 0.031421 -0.999506 -1.82532e-05
    outer loop
      vertex 1.44418 -22.9546 0
      vertex 1 -22.9686 2
      vertex 0 -23 0
    endloop
  endfacet
  facet normal 0.828283 -0.560309 0
    outer loop
      vertex 19.4195 -12.324 18
      vertex 19.3988 -12.3546 16
      vertex 19.4195 -12.324 16
    endloop
  endfacet
  facet normal 0.827078 -0.562087 0
    outer loop
      vertex 19.3988 -12.3546 16
      vertex 18.6074 -13.5191 18
      vertex 19.3988 -12.3546 2
    endloop
  endfacet
  facet normal 0.827109 -0.562041 3.86494e-05
    outer loop
      vertex 18.6074 -13.5191 18
      vertex 19.3988 -12.3546 16
      vertex 19.4195 -12.324 18
    endloop
  endfacet
  facet normal 0.828283 -0.560309 0
    outer loop
      vertex 19.3988 -12.3546 2
      vertex 19.4195 -12.324 0
      vertex 19.4195 -12.324 2
    endloop
  endfacet
  facet normal 0.827078 -0.562087 0
    outer loop
      vertex 18.6074 -13.5191 0
      vertex 19.3988 -12.3546 2
      vertex 18.6074 -13.5191 18
    endloop
  endfacet
  facet normal 0.827109 -0.562041 -3.86494e-05
    outer loop
      vertex 19.3988 -12.3546 2
      vertex 18.6074 -13.5191 0
      vertex 19.4195 -12.324 0
    endloop
  endfacet
  facet normal -0.156413 -0.987692 0
    outer loop
      vertex -4.30977 -22.5926 0
      vertex -2.88266 -22.8186 18
      vertex -4.30977 -22.5926 18
    endloop
  endfacet
  facet normal -0.156413 -0.987692 -0
    outer loop
      vertex -2.88266 -22.8186 18
      vertex -4.30977 -22.5926 0
      vertex -2.88266 -22.8186 0
    endloop
  endfacet
  facet normal -0.827078 0.562087 0
    outer loop
      vertex -18.6074 13.5191 0
      vertex -19.3988 12.3546 2
      vertex -18.6074 13.5191 18
    endloop
  endfacet
  facet normal -0.827109 0.562041 -3.86494e-05
    outer loop
      vertex -19.4195 12.324 0
      vertex -19.3988 12.3546 2
      vertex -18.6074 13.5191 0
    endloop
  endfacet
  facet normal -0.828283 0.560309 0
    outer loop
      vertex -19.3988 12.3546 2
      vertex -19.4195 12.324 0
      vertex -19.4195 12.324 2
    endloop
  endfacet
  facet normal -0.827078 0.562087 0
    outer loop
      vertex -19.3988 12.3546 16
      vertex -18.6074 13.5191 18
      vertex -19.3988 12.3546 2
    endloop
  endfacet
  facet normal -0.828283 0.560309 0
    outer loop
      vertex -19.4195 12.324 18
      vertex -19.3988 12.3546 16
      vertex -19.4195 12.324 16
    endloop
  endfacet
  facet normal -0.827109 0.562041 3.86494e-05
    outer loop
      vertex -19.3988 12.3546 16
      vertex -19.4195 12.324 18
      vertex -18.6074 13.5191 18
    endloop
  endfacet
  facet normal -0.218147 -0.975916 0
    outer loop
      vertex -5.71987 -22.2774 0
      vertex -4.30977 -22.5926 18
      vertex -5.71987 -22.2774 18
    endloop
  endfacet
  facet normal -0.218147 -0.975916 -0
    outer loop
      vertex -4.30977 -22.5926 18
      vertex -5.71987 -22.2774 0
      vertex -4.30977 -22.5926 0
    endloop
  endfacet
  facet normal 0.790153 -0.61291 0
    outer loop
      vertex 17.7218 -14.6608 18
      vertex 18.6074 -13.5191 0
      vertex 18.6074 -13.5191 18
    endloop
  endfacet
  facet normal 0.790153 -0.61291 0
    outer loop
      vertex 18.6074 -13.5191 0
      vertex 17.7218 -14.6608 18
      vertex 17.7218 -14.6608 0
    endloop
  endfacet
  facet normal 0.509081 -0.860718 0
    outer loop
      vertex 11.0803 -20.1551 16
      vertex 12.324 -19.4195 18
      vertex 11.0803 -20.1551 18
    endloop
  endfacet
  facet normal 0.509081 -0.860718 0
    outer loop
      vertex 12.324 -19.4195 18
      vertex 11.0803 -20.1551 16
      vertex 12.324 -19.4195 16
    endloop
  endfacet
  facet normal 0.509081 -0.860718 0
    outer loop
      vertex 11.0803 -20.1551 0
      vertex 12.324 -19.4195 2
      vertex 11.0803 -20.1551 2
    endloop
  endfacet
  facet normal 0.509081 -0.860718 0
    outer loop
      vertex 12.324 -19.4195 2
      vertex 11.0803 -20.1551 0
      vertex 12.324 -19.4195 0
    endloop
  endfacet
  facet normal 0.940889 0.338714 0
    outer loop
      vertex 21.8743 7.10739 18
      vertex 21.3849 8.46686 0
      vertex 21.3849 8.46686 18
    endloop
  endfacet
  facet normal 0.940889 0.338714 0
    outer loop
      vertex 21.3849 8.46686 0
      vertex 21.8743 7.10739 18
      vertex 21.8743 7.10739 0
    endloop
  endfacet
  facet normal -0.661313 -0.75011 0
    outer loop
      vertex -15.7446 -16.7663 0
      vertex -14.6608 -17.7218 18
      vertex -15.7446 -16.7663 18
    endloop
  endfacet
  facet normal -0.661313 -0.75011 -0
    outer loop
      vertex -14.6608 -17.7218 18
      vertex -15.7446 -16.7663 0
      vertex -14.6608 -17.7218 0
    endloop
  endfacet
  facet normal 0.707107 0.707107 0
    outer loop
      vertex 16.7663 15.7446 18
      vertex 15.7446 16.7663 0
      vertex 15.7446 16.7663 18
    endloop
  endfacet
  facet normal 0.707107 0.707107 0
    outer loop
      vertex 15.7446 16.7663 0
      vertex 16.7663 15.7446 18
      vertex 16.7663 15.7446 0
    endloop
  endfacet
  facet normal 0.99556 -0.0941245 0
    outer loop
      vertex 22.8186 -2.88266 18
      vertex 22.9546 -1.44418 0
      vertex 22.9546 -1.44418 18
    endloop
  endfacet
  facet normal 0.99556 -0.0941245 0
    outer loop
      vertex 22.9546 -1.44418 0
      vertex 22.8186 -2.88266 18
      vertex 22.8186 -2.88266 0
    endloop
  endfacet
  facet normal -0.453961 0.891021 6.42564e-06
    outer loop
      vertex -9.79292 20.811 18
      vertex -10.6179 20.3907 16
      vertex -11.0803 20.1551 18
    endloop
  endfacet
  facet normal -0.453949 0.891028 0
    outer loop
      vertex -9.79292 20.811 18
      vertex -10.6179 20.3907 2
      vertex -10.6179 20.3907 16
    endloop
  endfacet
  facet normal -0.453949 0.891028 0
    outer loop
      vertex -9.79292 20.811 0
      vertex -10.6179 20.3907 2
      vertex -9.79292 20.811 18
    endloop
  endfacet
  facet normal -0.453961 0.891021 -6.42564e-06
    outer loop
      vertex -11.0803 20.1551 0
      vertex -10.6179 20.3907 2
      vertex -9.79292 20.811 0
    endloop
  endfacet
  facet normal -0.453984 0.89101 0
    outer loop
      vertex -10.6179 20.3907 2
      vertex -11.0803 20.1551 0
      vertex -11.0803 20.1551 2
    endloop
  endfacet
  facet normal -0.453984 0.89101 0
    outer loop
      vertex -11.0803 20.1551 18
      vertex -10.6179 20.3907 16
      vertex -11.0803 20.1551 16
    endloop
  endfacet
  facet normal 0.278984 0.960296 -0
    outer loop
      vertex 7.10739 21.8743 0
      vertex 5.71987 22.2774 18
      vertex 7.10739 21.8743 18
    endloop
  endfacet
  facet normal 0.278984 0.960296 0
    outer loop
      vertex 5.71987 22.2774 18
      vertex 7.10739 21.8743 0
      vertex 5.71987 22.2774 0
    endloop
  endfacet
  facet normal 0.960296 -0.278984 0
    outer loop
      vertex 21.8743 -7.10739 18
      vertex 22.2774 -5.71987 0
      vertex 22.2774 -5.71987 18
    endloop
  endfacet
  facet normal 0.960296 -0.278984 0
    outer loop
      vertex 22.2774 -5.71987 0
      vertex 21.8743 -7.10739 18
      vertex 21.8743 -7.10739 0
    endloop
  endfacet
  facet normal 0.218147 -0.975916 0
    outer loop
      vertex 4.30977 -22.5926 0
      vertex 5.71987 -22.2774 18
      vertex 4.30977 -22.5926 18
    endloop
  endfacet
  facet normal 0.218147 -0.975916 0
    outer loop
      vertex 5.71987 -22.2774 18
      vertex 4.30977 -22.5926 0
      vertex 5.71987 -22.2774 0
    endloop
  endfacet
  facet normal 0.987692 -0.156413 0
    outer loop
      vertex 22.5926 -4.30977 18
      vertex 22.8186 -2.88266 0
      vertex 22.8186 -2.88266 18
    endloop
  endfacet
  facet normal 0.987692 -0.156413 0
    outer loop
      vertex 22.8186 -2.88266 0
      vertex 22.5926 -4.30977 18
      vertex 22.5926 -4.30977 0
    endloop
  endfacet
  facet normal -0.661313 0.75011 0
    outer loop
      vertex -14.6608 17.7218 0
      vertex -15.7446 16.7663 18
      vertex -14.6608 17.7218 18
    endloop
  endfacet
  facet normal -0.661313 0.75011 0
    outer loop
      vertex -15.7446 16.7663 18
      vertex -14.6608 17.7218 0
      vertex -15.7446 16.7663 0
    endloop
  endfacet
  facet normal -0.031421 -0.999506 1.82532e-05
    outer loop
      vertex -1.44418 -22.9546 18
      vertex -1 -22.9686 16
      vertex 0 -23 18
    endloop
  endfacet
  facet normal -0.0315031 -0.999504 0
    outer loop
      vertex -1.44418 -22.9546 18
      vertex -1 -22.9686 2
      vertex -1 -22.9686 16
    endloop
  endfacet
  facet normal -0.0315031 -0.999504 0
    outer loop
      vertex -1.44418 -22.9546 0
      vertex -1 -22.9686 2
      vertex -1.44418 -22.9546 18
    endloop
  endfacet
  facet normal -0.031421 -0.999506 -1.82532e-05
    outer loop
      vertex 0 -23 0
      vertex -1 -22.9686 2
      vertex -1.44418 -22.9546 0
    endloop
  endfacet
  facet normal -0.0313845 -0.999507 0
    outer loop
      vertex -1 -22.9686 2
      vertex 0 -23 0
      vertex 0 -23 2
    endloop
  endfacet
  facet normal -0.0313845 -0.999507 -0
    outer loop
      vertex 0 -23 18
      vertex -1 -22.9686 16
      vertex 0 -23 16
    endloop
  endfacet
  facet normal 0.661313 0.75011 -0
    outer loop
      vertex 15.7446 16.7663 0
      vertex 14.6608 17.7218 18
      vertex 15.7446 16.7663 18
    endloop
  endfacet
  facet normal 0.661313 0.75011 0
    outer loop
      vertex 14.6608 17.7218 18
      vertex 15.7446 16.7663 0
      vertex 14.6608 17.7218 0
    endloop
  endfacet
  facet normal -0.987692 0.156413 0
    outer loop
      vertex -22.8186 2.88266 0
      vertex -22.5926 4.30977 18
      vertex -22.5926 4.30977 0
    endloop
  endfacet
  facet normal -0.987692 0.156413 0
    outer loop
      vertex -22.5926 4.30977 18
      vertex -22.8186 2.88266 0
      vertex -22.8186 2.88266 18
    endloop
  endfacet
  facet normal -0.0313845 0.999507 0
    outer loop
      vertex 0 23 2
      vertex 0 23 0
      vertex -1 22.9686 2
    endloop
  endfacet
  facet normal -0.0313845 0.999507 0
    outer loop
      vertex -1 22.9686 16
      vertex 0 23 18
      vertex 0 23 16
    endloop
  endfacet
  facet normal -0.031421 0.999506 1.82532e-05
    outer loop
      vertex 0 23 18
      vertex -1 22.9686 16
      vertex -1.44418 22.9546 18
    endloop
  endfacet
  facet normal -0.0315031 0.999504 0
    outer loop
      vertex -1 22.9686 2
      vertex -1.44418 22.9546 18
      vertex -1 22.9686 16
    endloop
  endfacet
  facet normal -0.0315031 0.999504 0
    outer loop
      vertex -1 22.9686 2
      vertex -1.44418 22.9546 0
      vertex -1.44418 22.9546 18
    endloop
  endfacet
  facet normal -0.031421 0.999506 -1.82532e-05
    outer loop
      vertex -1.44418 22.9546 0
      vertex -1 22.9686 2
      vertex 0 23 0
    endloop
  endfacet
  facet normal 0.61291 -0.790153 0
    outer loop
      vertex 13.5191 -18.6074 0
      vertex 14.6608 -17.7218 18
      vertex 13.5191 -18.6074 18
    endloop
  endfacet
  facet normal 0.61291 -0.790153 0
    outer loop
      vertex 14.6608 -17.7218 18
      vertex 13.5191 -18.6074 0
      vertex 14.6608 -17.7218 0
    endloop
  endfacet
  facet normal 0.790153 0.61291 0
    outer loop
      vertex 18.6074 13.5191 18
      vertex 17.7218 14.6608 0
      vertex 17.7218 14.6608 18
    endloop
  endfacet
  facet normal 0.790153 0.61291 0
    outer loop
      vertex 17.7218 14.6608 0
      vertex 18.6074 13.5191 18
      vertex 18.6074 13.5191 0
    endloop
  endfacet
  facet normal -0.940889 0.338714 0
    outer loop
      vertex -21.8743 7.10739 0
      vertex -21.3849 8.46686 18
      vertex -21.3849 8.46686 0
    endloop
  endfacet
  facet normal -0.940889 0.338714 0
    outer loop
      vertex -21.3849 8.46686 18
      vertex -21.8743 7.10739 0
      vertex -21.8743 7.10739 18
    endloop
  endfacet
  facet normal 0.661313 -0.75011 0
    outer loop
      vertex 14.6608 -17.7218 0
      vertex 15.7446 -16.7663 18
      vertex 14.6608 -17.7218 18
    endloop
  endfacet
  facet normal 0.661313 -0.75011 0
    outer loop
      vertex 15.7446 -16.7663 18
      vertex 14.6608 -17.7218 0
      vertex 15.7446 -16.7663 0
    endloop
  endfacet
  facet normal -0.828283 -0.560309 0
    outer loop
      vertex -19.4195 -12.324 0
      vertex -19.3988 -12.3546 2
      vertex -19.4195 -12.324 2
    endloop
  endfacet
  facet normal -0.827078 -0.562087 0
    outer loop
      vertex -19.3988 -12.3546 2
      vertex -18.6074 -13.5191 0
      vertex -19.3988 -12.3546 16
    endloop
  endfacet
  facet normal -0.827109 -0.562041 -3.86494e-05
    outer loop
      vertex -18.6074 -13.5191 0
      vertex -19.3988 -12.3546 2
      vertex -19.4195 -12.324 0
    endloop
  endfacet
  facet normal -0.828283 -0.560309 0
    outer loop
      vertex -19.3988 -12.3546 16
      vertex -19.4195 -12.324 18
      vertex -19.4195 -12.324 16
    endloop
  endfacet
  facet normal -0.827078 -0.562087 -0
    outer loop
      vertex -18.6074 -13.5191 18
      vertex -19.3988 -12.3546 16
      vertex -18.6074 -13.5191 0
    endloop
  endfacet
  facet normal -0.827109 -0.562041 3.86494e-05
    outer loop
      vertex -19.3988 -12.3546 16
      vertex -18.6074 -13.5191 18
      vertex -19.4195 -12.324 18
    endloop
  endfacet
  facet normal 0 0 1
    outer loop
      vertex -6.99172 -20.11 18
      vertex -8.46686 -21.3849 18
      vertex -7.10739 -21.8743 18
    endloop
  endfacet
  facet normal 0 0 1
    outer loop
      vertex -9.79292 -20.811 18
      vertex -6.99172 -20.11 18
      vertex -6.0359 -18.4545 18
    endloop
  endfacet
  facet normal 0 0 1
    outer loop
      vertex -6.99172 -20.11 18
      vertex -9.79292 -20.811 18
      vertex -8.46686 -21.3849 18
    endloop
  endfacet
  facet normal 0 0 1
    outer loop
      vertex -6.0359 -18.4545 18
      vertex -11.0803 -20.1551 18
      vertex -9.79292 -20.811 18
    endloop
  endfacet
  facet normal 0 0 1
    outer loop
      vertex -12.9641 -14.4545 18
      vertex -11.0803 -20.1551 18
      vertex -6.0359 -18.4545 18
    endloop
  endfacet
  facet normal 0 0 1
    outer loop
      vertex -11.0803 -20.1551 18
      vertex -12.9641 -14.4545 18
      vertex -12.324 -19.4195 18
    endloop
  endfacet
  facet normal -0 0 1
    outer loop
      vertex -13.9198 -16.1098 18
      vertex -12.324 -19.4195 18
      vertex -12.9641 -14.4545 18
    endloop
  endfacet
  facet normal 0 0 1
    outer loop
      vertex -12.324 -19.4195 18
      vertex -13.9198 -16.1098 18
      vertex -13.5191 -18.6074 18
    endloop
  endfacet
  facet normal 0 0 1
    outer loop
      vertex -15.7446 -16.7663 18
      vertex -13.9198 -16.1098 18
      vertex -14.5809 -15.527 18
    endloop
  endfacet
  facet normal 0 0 1
    outer loop
      vertex -13.9198 -16.1098 18
      vertex -14.6608 -17.7218 18
      vertex -13.5191 -18.6074 18
    endloop
  endfacet
  facet normal 0 0 1
    outer loop
      vertex -15.7446 -16.7663 18
      vertex -14.5809 -15.527 18
      vertex -15.527 -14.5809 18
    endloop
  endfacet
  facet normal 0 0 1
    outer loop
      vertex -13.9198 -16.1098 18
      vertex -15.7446 -16.7663 18
      vertex -14.6608 -17.7218 18
    endloop
  endfacet
  facet normal 0 0 1
    outer loop
      vertex -16.7663 -15.7446 18
      vertex -15.527 -14.5809 18
      vertex -16.4119 -13.5771 18
    endloop
  endfacet
  facet normal 0 0 1
    outer loop
      vertex -15.527 -14.5809 18
      vertex -16.7663 -15.7446 18
      vertex -15.7446 -16.7663 18
    endloop
  endfacet
  facet normal 0 0 1
    outer loop
      vertex -17.7218 -14.6608 18
      vertex -16.4119 -13.5771 18
      vertex -17.2321 -12.5198 18
    endloop
  endfacet
  facet normal 0 0 1
    outer loop
      vertex -16.4119 -13.5771 18
      vertex -17.7218 -14.6608 18
      vertex -16.7663 -15.7446 18
    endloop
  endfacet
  facet normal 0 0 1
    outer loop
      vertex -18.6074 -13.5191 18
      vertex -17.2321 -12.5198 18
      vertex -17.9842 -11.4131 18
    endloop
  endfacet
  facet normal 0 0 1
    outer loop
      vertex -17.2321 -12.5198 18
      vertex -18.6074 -13.5191 18
      vertex -17.7218 -14.6608 18
    endloop
  endfacet
  facet normal 0 0 1
    outer loop
      vertex -19.4195 -12.324 18
      vertex -17.9842 -11.4131 18
      vertex -18.6653 -10.2614 18
    endloop
  endfacet
  facet normal 0 0 1
    outer loop
      vertex -20.1551 -11.0803 18
      vertex -18.6653 -10.2614 18
      vertex -19.2728 -9.0691 18
    endloop
  endfacet
  facet normal 0 0 1
    outer loop
      vertex -17.9842 -11.4131 18
      vertex -19.4195 -12.324 18
      vertex -18.6074 -13.5191 18
    endloop
  endfacet
  facet normal 0 0 1
    outer loop
      vertex -20.811 -9.79292 18
      vertex -19.2728 -9.0691 18
      vertex -19.8042 -7.84105 18
    endloop
  endfacet
  facet normal 0 0 1
    outer loop
      vertex -18.6653 -10.2614 18
      vertex -20.1551 -11.0803 18
      vertex -19.4195 -12.324 18
    endloop
  endfacet
  facet normal 0 0 1
    outer loop
      vertex -21.3849 -8.46686 18
      vertex -19.8042 -7.84105 18
      vertex -20.2575 -6.58206 18
    endloop
  endfacet
  facet normal 0 0 1
    outer loop
      vertex -21.8743 -7.10739 18
      vertex -20.2575 -6.58206 18
      vertex -20.6308 -5.29709 18
    endloop
  endfacet
  facet normal 0 0 1
    outer loop
      vertex -19.2728 -9.0691 18
      vertex -20.811 -9.79292 18
      vertex -20.1551 -11.0803 18
    endloop
  endfacet
  facet normal 0 0 1
    outer loop
      vertex -22.2774 -5.71987 18
      vertex -20.6308 -5.29709 18
      vertex -20.9227 -3.99122 18
    endloop
  endfacet
  facet normal 0 0 1
    outer loop
      vertex -22.5926 -4.30977 18
      vertex -20.9227 -3.99122 18
      vertex -21.132 -2.6696 18
    endloop
  endfacet
  facet normal 0 0 1
    outer loop
      vertex -22.8186 -2.88266 18
      vertex -21.132 -2.6696 18
      vertex -21.258 -1.33744 18
    endloop
  endfacet
  facet normal 0 0 1
    outer loop
      vertex -19.8042 -7.84105 18
      vertex -21.3849 -8.46686 18
      vertex -20.811 -9.79292 18
    endloop
  endfacet
  facet normal 0 0 1
    outer loop
      vertex -22.9546 -1.44418 18
      vertex -21.258 -1.33744 18
      vertex -21.3 0 18
    endloop
  endfacet
  facet normal 0 0 1
    outer loop
      vertex -20.9227 3.99122 18
      vertex -22.5926 4.30977 18
      vertex -21.132 2.6696 18
    endloop
  endfacet
  facet normal -0 0 1
    outer loop
      vertex -22.8186 2.88266 18
      vertex -21.132 2.6696 18
      vertex -22.5926 4.30977 18
    endloop
  endfacet
  facet normal 0 0 1
    outer loop
      vertex -20.2575 -6.58206 18
      vertex -21.8743 -7.10739 18
      vertex -21.3849 -8.46686 18
    endloop
  endfacet
  facet normal 0 0 1
    outer loop
      vertex -21.132 2.6696 18
      vertex -22.8186 2.88266 18
      vertex -21.258 1.33744 18
    endloop
  endfacet
  facet normal 0 0 1
    outer loop
      vertex -20.6308 -5.29709 18
      vertex -22.2774 -5.71987 18
      vertex -21.8743 -7.10739 18
    endloop
  endfacet
  facet normal -0 0 1
    outer loop
      vertex -22.9546 1.44418 18
      vertex -21.258 1.33744 18
      vertex -22.8186 2.88266 18
    endloop
  endfacet
  facet normal 0 0 1
    outer loop
      vertex -20.9227 -3.99122 18
      vertex -22.5926 -4.30977 18
      vertex -22.2774 -5.71987 18
    endloop
  endfacet
  facet normal 0 0 1
    outer loop
      vertex -21.258 1.33744 18
      vertex -22.9546 1.44418 18
      vertex -21.3 0 18
    endloop
  endfacet
  facet normal 0 0 1
    outer loop
      vertex -21.132 -2.6696 18
      vertex -22.8186 -2.88266 18
      vertex -22.5926 -4.30977 18
    endloop
  endfacet
  facet normal 0 0 1
    outer loop
      vertex -23 0 18
      vertex -21.3 0 18
      vertex -22.9546 1.44418 18
    endloop
  endfacet
  facet normal 0 0 1
    outer loop
      vertex -21.258 -1.33744 18
      vertex -22.9546 -1.44418 18
      vertex -22.8186 -2.88266 18
    endloop
  endfacet
  facet normal 0 0 1
    outer loop
      vertex -21.3 0 18
      vertex -23 0 18
      vertex -22.9546 -1.44418 18
    endloop
  endfacet
  facet normal 0 0 1
    outer loop
      vertex 19 -4 18
      vertex 23 0 18
      vertex 19 4 18
    endloop
  endfacet
  facet normal 0 0 1
    outer loop
      vertex 23 0 18
      vertex 19 -4 18
      vertex 20.9208 -4 18
    endloop
  endfacet
  facet normal -0 0 1
    outer loop
      vertex 19 4 18
      vertex 22.9546 1.44418 18
      vertex 20.9208 4 18
    endloop
  endfacet
  facet normal 0 0 1
    outer loop
      vertex 20.9208 4 18
      vertex 22.9546 1.44418 18
      vertex 22.8186 2.88266 18
    endloop
  endfacet
  facet normal 0 0 1
    outer loop
      vertex 22.9546 1.44418 18
      vertex 19 4 18
      vertex 23 0 18
    endloop
  endfacet
  facet normal -0 0 1
    outer loop
      vertex 20.9208 4 18
      vertex 22.8186 2.88266 18
      vertex 22.5926 4.30977 18
    endloop
  endfacet
  facet normal 0 0 1
    outer loop
      vertex 23 0 18
      vertex 20.9208 -4 18
      vertex 22.9546 -1.44418 18
    endloop
  endfacet
  facet normal 0 0 1
    outer loop
      vertex 20.9208 4 18
      vertex 22.5926 4.30977 18
      vertex 22.2774 5.71987 18
    endloop
  endfacet
  facet normal 0 0 1
    outer loop
      vertex 22.9546 -1.44418 18
      vertex 20.9208 -4 18
      vertex 22.8186 -2.88266 18
    endloop
  endfacet
  facet normal 0 0 1
    outer loop
      vertex 20.6308 5.29709 18
      vertex 22.2774 5.71987 18
      vertex 21.8743 7.10739 18
    endloop
  endfacet
  facet normal 0 0 1
    outer loop
      vertex 22.8186 -2.88266 18
      vertex 20.9208 -4 18
      vertex 22.5926 -4.30977 18
    endloop
  endfacet
  facet normal 0 0 1
    outer loop
      vertex 20.2575 6.58206 18
      vertex 21.8743 7.10739 18
      vertex 21.3849 8.46686 18
    endloop
  endfacet
  facet normal 0 0 1
    outer loop
      vertex 22.5926 -4.30977 18
      vertex 20.9208 -4 18
      vertex 22.2774 -5.71987 18
    endloop
  endfacet
  facet normal -0 0 1
    outer loop
      vertex 20.6308 -5.29709 18
      vertex 22.2774 -5.71987 18
      vertex 20.9208 -4 18
    endloop
  endfacet
  facet normal 0 0 1
    outer loop
      vertex 19.8042 7.84105 18
      vertex 21.3849 8.46686 18
      vertex 20.811 9.79292 18
    endloop
  endfacet
  facet normal 0 0 1
    outer loop
      vertex 22.2774 5.71987 18
      vertex 20.6308 5.29709 18
      vertex 20.9208 4 18
    endloop
  endfacet
  facet normal 0 0 1
    outer loop
      vertex 21.8743 7.10739 18
      vertex 20.2575 6.58206 18
      vertex 20.6308 5.29709 18
    endloop
  endfacet
  facet normal 0 0 1
    outer loop
      vertex 19.2728 9.0691 18
      vertex 20.811 9.79292 18
      vertex 20.1551 11.0803 18
    endloop
  endfacet
  facet normal 0 0 1
    outer loop
      vertex 21.3849 8.46686 18
      vertex 19.8042 7.84105 18
      vertex 20.2575 6.58206 18
    endloop
  endfacet
  facet normal 0 0 1
    outer loop
      vertex 18.6653 10.2614 18
      vertex 20.1551 11.0803 18
      vertex 19.4195 12.324 18
    endloop
  endfacet
  facet normal 0 0 1
    outer loop
      vertex 20.811 9.79292 18
      vertex 19.2728 9.0691 18
      vertex 19.8042 7.84105 18
    endloop
  endfacet
  facet normal 0 0 1
    outer loop
      vertex 20.1551 11.0803 18
      vertex 18.6653 10.2614 18
      vertex 19.2728 9.0691 18
    endloop
  endfacet
  facet normal 0 0 1
    outer loop
      vertex 17.9842 11.4131 18
      vertex 19.4195 12.324 18
      vertex 18.6074 13.5191 18
    endloop
  endfacet
  facet normal 0 0 1
    outer loop
      vertex 19.4195 12.324 18
      vertex 17.9842 11.4131 18
      vertex 18.6653 10.2614 18
    endloop
  endfacet
  facet normal 0 0 1
    outer loop
      vertex 17.2321 12.5198 18
      vertex 18.6074 13.5191 18
      vertex 17.7218 14.6608 18
    endloop
  endfacet
  facet normal 0 0 1
    outer loop
      vertex 18.6074 13.5191 18
      vertex 17.2321 12.5198 18
      vertex 17.9842 11.4131 18
    endloop
  endfacet
  facet normal 0 0 1
    outer loop
      vertex 16.4119 13.5771 18
      vertex 17.7218 14.6608 18
      vertex 16.7663 15.7446 18
    endloop
  endfacet
  facet normal 0 0 1
    outer loop
      vertex 17.7218 14.6608 18
      vertex 16.4119 13.5771 18
      vertex 17.2321 12.5198 18
    endloop
  endfacet
  facet normal 0 0 1
    outer loop
      vertex 15.527 14.5809 18
      vertex 16.7663 15.7446 18
      vertex 15.7446 16.7663 18
    endloop
  endfacet
  facet normal 0 0 1
    outer loop
      vertex 16.7663 15.7446 18
      vertex 15.527 14.5809 18
      vertex 16.4119 13.5771 18
    endloop
  endfacet
  facet normal 0 0 1
    outer loop
      vertex 14.5809 15.527 18
      vertex 15.7446 16.7663 18
      vertex 14.6608 17.7218 18
    endloop
  endfacet
  facet normal 0 0 1
    outer loop
      vertex 15.7446 16.7663 18
      vertex 14.5809 15.527 18
      vertex 15.527 14.5809 18
    endloop
  endfacet
  facet normal 0 0 1
    outer loop
      vertex 14.6608 17.7218 18
      vertex 13.5771 16.4119 18
      vertex 14.5809 15.527 18
    endloop
  endfacet
  facet normal 0 0 1
    outer loop
      vertex 13.5191 18.6074 18
      vertex 13.5771 16.4119 18
      vertex 14.6608 17.7218 18
    endloop
  endfacet
  facet normal 0 0 1
    outer loop
      vertex 13.5191 18.6074 18
      vertex 12.5198 17.2321 18
      vertex 13.5771 16.4119 18
    endloop
  endfacet
  facet normal 0 0 1
    outer loop
      vertex 12.324 19.4195 18
      vertex 12.5198 17.2321 18
      vertex 13.5191 18.6074 18
    endloop
  endfacet
  facet normal 0 0 1
    outer loop
      vertex 12.324 19.4195 18
      vertex 11.4131 17.9842 18
      vertex 12.5198 17.2321 18
    endloop
  endfacet
  facet normal 0 0 1
    outer loop
      vertex 11.0803 20.1551 18
      vertex 11.4131 17.9842 18
      vertex 12.324 19.4195 18
    endloop
  endfacet
  facet normal 0 0 1
    outer loop
      vertex 11.0803 20.1551 18
      vertex 10.2614 18.6653 18
      vertex 11.4131 17.9842 18
    endloop
  endfacet
  facet normal 0 0 1
    outer loop
      vertex 9.79292 20.811 18
      vertex 10.2614 18.6653 18
      vertex 11.0803 20.1551 18
    endloop
  endfacet
  facet normal 0 0 1
    outer loop
      vertex 9.79292 20.811 18
      vertex 9.0691 19.2728 18
      vertex 10.2614 18.6653 18
    endloop
  endfacet
  facet normal 0 0 1
    outer loop
      vertex 8.46686 21.3849 18
      vertex 9.0691 19.2728 18
      vertex 9.79292 20.811 18
    endloop
  endfacet
  facet normal 0 0 1
    outer loop
      vertex 8.46686 21.3849 18
      vertex 7.84105 19.8042 18
      vertex 9.0691 19.2728 18
    endloop
  endfacet
  facet normal 0 0 1
    outer loop
      vertex 7.10739 21.8743 18
      vertex 7.84105 19.8042 18
      vertex 8.46686 21.3849 18
    endloop
  endfacet
  facet normal 0 0 1
    outer loop
      vertex 7.10739 21.8743 18
      vertex 6.58206 20.2575 18
      vertex 7.84105 19.8042 18
    endloop
  endfacet
  facet normal 0 0 1
    outer loop
      vertex 5.71987 22.2774 18
      vertex 6.58206 20.2575 18
      vertex 7.10739 21.8743 18
    endloop
  endfacet
  facet normal 0 0 1
    outer loop
      vertex 5.71987 22.2774 18
      vertex 5.29709 20.6308 18
      vertex 6.58206 20.2575 18
    endloop
  endfacet
  facet normal 0 0 1
    outer loop
      vertex 4.30977 22.5926 18
      vertex 5.29709 20.6308 18
      vertex 5.71987 22.2774 18
    endloop
  endfacet
  facet normal 0 0 1
    outer loop
      vertex 4.30977 22.5926 18
      vertex 3.99122 20.9227 18
      vertex 5.29709 20.6308 18
    endloop
  endfacet
  facet normal 0 0 1
    outer loop
      vertex 2.88266 22.8186 18
      vertex 3.99122 20.9227 18
      vertex 4.30977 22.5926 18
    endloop
  endfacet
  facet normal 0 0 1
    outer loop
      vertex 2.88266 22.8186 18
      vertex 2.6696 21.132 18
      vertex 3.99122 20.9227 18
    endloop
  endfacet
  facet normal 0 0 1
    outer loop
      vertex 1.44418 22.9546 18
      vertex 2.6696 21.132 18
      vertex 2.88266 22.8186 18
    endloop
  endfacet
  facet normal 0 0 1
    outer loop
      vertex 1.44418 22.9546 18
      vertex 1.33744 21.258 18
      vertex 2.6696 21.132 18
    endloop
  endfacet
  facet normal 0 0 1
    outer loop
      vertex 0 23 18
      vertex 1.33744 21.258 18
      vertex 1.44418 22.9546 18
    endloop
  endfacet
  facet normal 0 0 1
    outer loop
      vertex 0 23 18
      vertex 0 21.3 18
      vertex 1.33744 21.258 18
    endloop
  endfacet
  facet normal 0 0 1
    outer loop
      vertex 0 23 18
      vertex -1.33744 21.258 18
      vertex 0 21.3 18
    endloop
  endfacet
  facet normal -0 0 1
    outer loop
      vertex -1.44418 22.9546 18
      vertex -1.33744 21.258 18
      vertex 0 23 18
    endloop
  endfacet
  facet normal 0 0 1
    outer loop
      vertex -1.44418 22.9546 18
      vertex -2.6696 21.132 18
      vertex -1.33744 21.258 18
    endloop
  endfacet
  facet normal -0 0 1
    outer loop
      vertex -2.88266 22.8186 18
      vertex -2.6696 21.132 18
      vertex -1.44418 22.9546 18
    endloop
  endfacet
  facet normal 0 0 1
    outer loop
      vertex -2.88266 22.8186 18
      vertex -3.99122 20.9227 18
      vertex -2.6696 21.132 18
    endloop
  endfacet
  facet normal -0 0 1
    outer loop
      vertex -4.30977 22.5926 18
      vertex -3.99122 20.9227 18
      vertex -2.88266 22.8186 18
    endloop
  endfacet
  facet normal 0 0 1
    outer loop
      vertex -4.30977 22.5926 18
      vertex -5.29709 20.6308 18
      vertex -3.99122 20.9227 18
    endloop
  endfacet
  facet normal -0 0 1
    outer loop
      vertex -5.71987 22.2774 18
      vertex -5.29709 20.6308 18
      vertex -4.30977 22.5926 18
    endloop
  endfacet
  facet normal 0 0 1
    outer loop
      vertex -5.71987 22.2774 18
      vertex -6.58206 20.2575 18
      vertex -5.29709 20.6308 18
    endloop
  endfacet
  facet normal -0 0 1
    outer loop
      vertex -7.10739 21.8743 18
      vertex -6.58206 20.2575 18
      vertex -5.71987 22.2774 18
    endloop
  endfacet
  facet normal 0 0 1
    outer loop
      vertex -6.58206 20.2575 18
      vertex -7.10739 21.8743 18
      vertex -6.99172 20.11 18
    endloop
  endfacet
  facet normal 0 0 1
    outer loop
      vertex 22.2774 -5.71987 18
      vertex 20.6308 -5.29709 18
      vertex 21.8743 -7.10739 18
    endloop
  endfacet
  facet normal -0 0 1
    outer loop
      vertex 20.2575 -6.58206 18
      vertex 21.8743 -7.10739 18
      vertex 20.6308 -5.29709 18
    endloop
  endfacet
  facet normal 0 0 1
    outer loop
      vertex 21.8743 -7.10739 18
      vertex 20.2575 -6.58206 18
      vertex 21.3849 -8.46686 18
    endloop
  endfacet
  facet normal -0 0 1
    outer loop
      vertex 19.8042 -7.84105 18
      vertex 21.3849 -8.46686 18
      vertex 20.2575 -6.58206 18
    endloop
  endfacet
  facet normal 0 0 1
    outer loop
      vertex 21.3849 -8.46686 18
      vertex 19.8042 -7.84105 18
      vertex 20.811 -9.79292 18
    endloop
  endfacet
  facet normal -0 0 1
    outer loop
      vertex 19.2728 -9.0691 18
      vertex 20.811 -9.79292 18
      vertex 19.8042 -7.84105 18
    endloop
  endfacet
  facet normal 0 0 1
    outer loop
      vertex 20.811 -9.79292 18
      vertex 19.2728 -9.0691 18
      vertex 20.1551 -11.0803 18
    endloop
  endfacet
  facet normal -0 0 1
    outer loop
      vertex 18.6653 -10.2614 18
      vertex 20.1551 -11.0803 18
      vertex 19.2728 -9.0691 18
    endloop
  endfacet
  facet normal 0 0 1
    outer loop
      vertex 20.1551 -11.0803 18
      vertex 18.6653 -10.2614 18
      vertex 19.4195 -12.324 18
    endloop
  endfacet
  facet normal -0 0 1
    outer loop
      vertex 17.9842 -11.4131 18
      vertex 19.4195 -12.324 18
      vertex 18.6653 -10.2614 18
    endloop
  endfacet
  facet normal 0 0 1
    outer loop
      vertex 19.4195 -12.324 18
      vertex 17.9842 -11.4131 18
      vertex 18.6074 -13.5191 18
    endloop
  endfacet
  facet normal -0 0 1
    outer loop
      vertex 17.2321 -12.5198 18
      vertex 18.6074 -13.5191 18
      vertex 17.9842 -11.4131 18
    endloop
  endfacet
  facet normal 0 0 1
    outer loop
      vertex 18.6074 -13.5191 18
      vertex 17.2321 -12.5198 18
      vertex 17.7218 -14.6608 18
    endloop
  endfacet
  facet normal -0 0 1
    outer loop
      vertex 16.4119 -13.5771 18
      vertex 17.7218 -14.6608 18
      vertex 17.2321 -12.5198 18
    endloop
  endfacet
  facet normal 0 0 1
    outer loop
      vertex 17.7218 -14.6608 18
      vertex 16.4119 -13.5771 18
      vertex 16.7663 -15.7446 18
    endloop
  endfacet
  facet normal -0 0 1
    outer loop
      vertex 15.527 -14.5809 18
      vertex 16.7663 -15.7446 18
      vertex 16.4119 -13.5771 18
    endloop
  endfacet
  facet normal 0 0 1
    outer loop
      vertex 16.7663 -15.7446 18
      vertex 15.527 -14.5809 18
      vertex 15.7446 -16.7663 18
    endloop
  endfacet
  facet normal -0 0 1
    outer loop
      vertex 14.5809 -15.527 18
      vertex 15.7446 -16.7663 18
      vertex 15.527 -14.5809 18
    endloop
  endfacet
  facet normal 0 0 1
    outer loop
      vertex 15.7446 -16.7663 18
      vertex 14.5809 -15.527 18
      vertex 14.6608 -17.7218 18
    endloop
  endfacet
  facet normal -0 0 1
    outer loop
      vertex 13.5771 -16.4119 18
      vertex 14.6608 -17.7218 18
      vertex 14.5809 -15.527 18
    endloop
  endfacet
  facet normal 0 0 1
    outer loop
      vertex 13.5771 -16.4119 18
      vertex 13.5191 -18.6074 18
      vertex 14.6608 -17.7218 18
    endloop
  endfacet
  facet normal -0 0 1
    outer loop
      vertex 12.5198 -17.2321 18
      vertex 13.5191 -18.6074 18
      vertex 13.5771 -16.4119 18
    endloop
  endfacet
  facet normal 0 0 1
    outer loop
      vertex 12.5198 -17.2321 18
      vertex 12.324 -19.4195 18
      vertex 13.5191 -18.6074 18
    endloop
  endfacet
  facet normal -0 0 1
    outer loop
      vertex 11.4131 -17.9842 18
      vertex 12.324 -19.4195 18
      vertex 12.5198 -17.2321 18
    endloop
  endfacet
  facet normal 0 0 1
    outer loop
      vertex 11.4131 -17.9842 18
      vertex 11.0803 -20.1551 18
      vertex 12.324 -19.4195 18
    endloop
  endfacet
  facet normal -0 0 1
    outer loop
      vertex 10.2614 -18.6653 18
      vertex 11.0803 -20.1551 18
      vertex 11.4131 -17.9842 18
    endloop
  endfacet
  facet normal 0 0 1
    outer loop
      vertex 10.2614 -18.6653 18
      vertex 9.79292 -20.811 18
      vertex 11.0803 -20.1551 18
    endloop
  endfacet
  facet normal -0 0 1
    outer loop
      vertex 9.0691 -19.2728 18
      vertex 9.79292 -20.811 18
      vertex 10.2614 -18.6653 18
    endloop
  endfacet
  facet normal 0 0 1
    outer loop
      vertex 9.0691 -19.2728 18
      vertex 8.46686 -21.3849 18
      vertex 9.79292 -20.811 18
    endloop
  endfacet
  facet normal -0 0 1
    outer loop
      vertex 7.84105 -19.8042 18
      vertex 8.46686 -21.3849 18
      vertex 9.0691 -19.2728 18
    endloop
  endfacet
  facet normal 0 0 1
    outer loop
      vertex 7.84105 -19.8042 18
      vertex 7.10739 -21.8743 18
      vertex 8.46686 -21.3849 18
    endloop
  endfacet
  facet normal -0 0 1
    outer loop
      vertex 6.58206 -20.2575 18
      vertex 7.10739 -21.8743 18
      vertex 7.84105 -19.8042 18
    endloop
  endfacet
  facet normal 0 0 1
    outer loop
      vertex 6.58206 -20.2575 18
      vertex 5.71987 -22.2774 18
      vertex 7.10739 -21.8743 18
    endloop
  endfacet
  facet normal -0 0 1
    outer loop
      vertex 5.29709 -20.6308 18
      vertex 5.71987 -22.2774 18
      vertex 6.58206 -20.2575 18
    endloop
  endfacet
  facet normal 0 0 1
    outer loop
      vertex 5.29709 -20.6308 18
      vertex 4.30977 -22.5926 18
      vertex 5.71987 -22.2774 18
    endloop
  endfacet
  facet normal -0 0 1
    outer loop
      vertex 3.99122 -20.9227 18
      vertex 4.30977 -22.5926 18
      vertex 5.29709 -20.6308 18
    endloop
  endfacet
  facet normal 0 0 1
    outer loop
      vertex 3.99122 -20.9227 18
      vertex 2.88266 -22.8186 18
      vertex 4.30977 -22.5926 18
    endloop
  endfacet
  facet normal -0 0 1
    outer loop
      vertex 2.6696 -21.132 18
      vertex 2.88266 -22.8186 18
      vertex 3.99122 -20.9227 18
    endloop
  endfacet
  facet normal 0 0 1
    outer loop
      vertex 2.6696 -21.132 18
      vertex 1.44418 -22.9546 18
      vertex 2.88266 -22.8186 18
    endloop
  endfacet
  facet normal -0 0 1
    outer loop
      vertex 1.33744 -21.258 18
      vertex 1.44418 -22.9546 18
      vertex 2.6696 -21.132 18
    endloop
  endfacet
  facet normal -0 0 1
    outer loop
      vertex 0 -21.3 18
      vertex 1.44418 -22.9546 18
      vertex 1.33744 -21.258 18
    endloop
  endfacet
  facet normal 0 0 1
    outer loop
      vertex 0 -21.3 18
      vertex 0 -23 18
      vertex 1.44418 -22.9546 18
    endloop
  endfacet
  facet normal 0 0 1
    outer loop
      vertex -1.33744 -21.258 18
      vertex 0 -23 18
      vertex 0 -21.3 18
    endloop
  endfacet
  facet normal 0 0 1
    outer loop
      vertex -1.33744 -21.258 18
      vertex -1.44418 -22.9546 18
      vertex 0 -23 18
    endloop
  endfacet
  facet normal 0 0 1
    outer loop
      vertex -2.6696 -21.132 18
      vertex -1.44418 -22.9546 18
      vertex -1.33744 -21.258 18
    endloop
  endfacet
  facet normal 0 0 1
    outer loop
      vertex -2.6696 -21.132 18
      vertex -2.88266 -22.8186 18
      vertex -1.44418 -22.9546 18
    endloop
  endfacet
  facet normal 0 0 1
    outer loop
      vertex -3.99122 -20.9227 18
      vertex -2.88266 -22.8186 18
      vertex -2.6696 -21.132 18
    endloop
  endfacet
  facet normal 0 0 1
    outer loop
      vertex -3.99122 -20.9227 18
      vertex -4.30977 -22.5926 18
      vertex -2.88266 -22.8186 18
    endloop
  endfacet
  facet normal 0 0 1
    outer loop
      vertex -5.29709 -20.6308 18
      vertex -4.30977 -22.5926 18
      vertex -3.99122 -20.9227 18
    endloop
  endfacet
  facet normal 0 0 1
    outer loop
      vertex -5.29709 -20.6308 18
      vertex -5.71987 -22.2774 18
      vertex -4.30977 -22.5926 18
    endloop
  endfacet
  facet normal 0 0 1
    outer loop
      vertex -6.58206 -20.2575 18
      vertex -5.71987 -22.2774 18
      vertex -5.29709 -20.6308 18
    endloop
  endfacet
  facet normal 0 0 1
    outer loop
      vertex -7.10739 -21.8743 18
      vertex -6.58206 -20.2575 18
      vertex -6.99172 -20.11 18
    endloop
  endfacet
  facet normal 0 0 1
    outer loop
      vertex -6.58206 -20.2575 18
      vertex -7.10739 -21.8743 18
      vertex -5.71987 -22.2774 18
    endloop
  endfacet
  facet normal -0 0 1
    outer loop
      vertex -8.46686 21.3849 18
      vertex -6.99172 20.11 18
      vertex -7.10739 21.8743 18
    endloop
  endfacet
  facet normal -0 0 1
    outer loop
      vertex -9.79292 20.811 18
      vertex -6.99172 20.11 18
      vertex -8.46686 21.3849 18
    endloop
  endfacet
  facet normal 0 0 1
    outer loop
      vertex -6.99172 20.11 18
      vertex -9.79292 20.811 18
      vertex -6.0359 18.4545 18
    endloop
  endfacet
  facet normal -0 0 1
    outer loop
      vertex -11.0803 20.1551 18
      vertex -6.0359 18.4545 18
      vertex -9.79292 20.811 18
    endloop
  endfacet
  facet normal 0 0 1
    outer loop
      vertex -12.9641 14.4545 18
      vertex -11.0803 20.1551 18
      vertex -12.324 19.4195 18
    endloop
  endfacet
  facet normal 0 0 1
    outer loop
      vertex -11.0803 20.1551 18
      vertex -12.9641 14.4545 18
      vertex -6.0359 18.4545 18
    endloop
  endfacet
  facet normal 0 0 1
    outer loop
      vertex -13.9198 16.1098 18
      vertex -12.324 19.4195 18
      vertex -13.5191 18.6074 18
    endloop
  endfacet
  facet normal 0 0 1
    outer loop
      vertex -12.324 19.4195 18
      vertex -13.9198 16.1098 18
      vertex -12.9641 14.4545 18
    endloop
  endfacet
  facet normal -0 0 1
    outer loop
      vertex -14.6608 17.7218 18
      vertex -13.9198 16.1098 18
      vertex -13.5191 18.6074 18
    endloop
  endfacet
  facet normal -0 0 1
    outer loop
      vertex -15.7446 16.7663 18
      vertex -13.9198 16.1098 18
      vertex -14.6608 17.7218 18
    endloop
  endfacet
  facet normal 0 0 1
    outer loop
      vertex -13.9198 16.1098 18
      vertex -15.7446 16.7663 18
      vertex -14.5809 15.527 18
    endloop
  endfacet
  facet normal 0 0 1
    outer loop
      vertex -14.5809 15.527 18
      vertex -15.7446 16.7663 18
      vertex -15.527 14.5809 18
    endloop
  endfacet
  facet normal -0 0 1
    outer loop
      vertex -16.7663 15.7446 18
      vertex -15.527 14.5809 18
      vertex -15.7446 16.7663 18
    endloop
  endfacet
  facet normal 0 0 1
    outer loop
      vertex -15.527 14.5809 18
      vertex -16.7663 15.7446 18
      vertex -16.4119 13.5771 18
    endloop
  endfacet
  facet normal -0 0 1
    outer loop
      vertex -17.7218 14.6608 18
      vertex -16.4119 13.5771 18
      vertex -16.7663 15.7446 18
    endloop
  endfacet
  facet normal 0 0 1
    outer loop
      vertex -16.4119 13.5771 18
      vertex -17.7218 14.6608 18
      vertex -17.2321 12.5198 18
    endloop
  endfacet
  facet normal -0 0 1
    outer loop
      vertex -18.6074 13.5191 18
      vertex -17.2321 12.5198 18
      vertex -17.7218 14.6608 18
    endloop
  endfacet
  facet normal 0 0 1
    outer loop
      vertex -17.2321 12.5198 18
      vertex -18.6074 13.5191 18
      vertex -17.9842 11.4131 18
    endloop
  endfacet
  facet normal -0 0 1
    outer loop
      vertex -19.4195 12.324 18
      vertex -17.9842 11.4131 18
      vertex -18.6074 13.5191 18
    endloop
  endfacet
  facet normal 0 0 1
    outer loop
      vertex -17.9842 11.4131 18
      vertex -19.4195 12.324 18
      vertex -18.6653 10.2614 18
    endloop
  endfacet
  facet normal -0 0 1
    outer loop
      vertex -20.1551 11.0803 18
      vertex -18.6653 10.2614 18
      vertex -19.4195 12.324 18
    endloop
  endfacet
  facet normal 0 0 1
    outer loop
      vertex -18.6653 10.2614 18
      vertex -20.1551 11.0803 18
      vertex -19.2728 9.0691 18
    endloop
  endfacet
  facet normal -0 0 1
    outer loop
      vertex -20.811 9.79292 18
      vertex -19.2728 9.0691 18
      vertex -20.1551 11.0803 18
    endloop
  endfacet
  facet normal 0 0 1
    outer loop
      vertex -19.2728 9.0691 18
      vertex -20.811 9.79292 18
      vertex -19.8042 7.84105 18
    endloop
  endfacet
  facet normal -0 0 1
    outer loop
      vertex -21.3849 8.46686 18
      vertex -19.8042 7.84105 18
      vertex -20.811 9.79292 18
    endloop
  endfacet
  facet normal 0 0 1
    outer loop
      vertex -19.8042 7.84105 18
      vertex -21.3849 8.46686 18
      vertex -20.2575 6.58206 18
    endloop
  endfacet
  facet normal -0 0 1
    outer loop
      vertex -21.8743 7.10739 18
      vertex -20.2575 6.58206 18
      vertex -21.3849 8.46686 18
    endloop
  endfacet
  facet normal 0 0 1
    outer loop
      vertex -20.2575 6.58206 18
      vertex -21.8743 7.10739 18
      vertex -20.6308 5.29709 18
    endloop
  endfacet
  facet normal -0 0 1
    outer loop
      vertex -22.2774 5.71987 18
      vertex -20.6308 5.29709 18
      vertex -21.8743 7.10739 18
    endloop
  endfacet
  facet normal -0 0 1
    outer loop
      vertex -22.5926 4.30977 18
      vertex -20.9227 3.99122 18
      vertex -22.2774 5.71987 18
    endloop
  endfacet
  facet normal 0 0 1
    outer loop
      vertex -20.6308 5.29709 18
      vertex -22.2774 5.71987 18
      vertex -20.9227 3.99122 18
    endloop
  endfacet
  facet normal -0.999504 0.0315031 0
    outer loop
      vertex -22.9546 1.44418 0
      vertex -22.9686 1 2
      vertex -22.9546 1.44418 18
    endloop
  endfacet
  facet normal -0.999506 0.031421 -1.82532e-05
    outer loop
      vertex -23 0 0
      vertex -22.9686 1 2
      vertex -22.9546 1.44418 0
    endloop
  endfacet
  facet normal -0.999507 0.0313845 0
    outer loop
      vertex -22.9686 1 2
      vertex -23 0 0
      vertex -23 0 2
    endloop
  endfacet
  facet normal -0.999504 0.0315031 0
    outer loop
      vertex -22.9686 1 16
      vertex -22.9546 1.44418 18
      vertex -22.9686 1 2
    endloop
  endfacet
  facet normal -0.999507 0.0313845 0
    outer loop
      vertex -23 0 18
      vertex -22.9686 1 16
      vertex -23 0 16
    endloop
  endfacet
  facet normal -0.999506 0.031421 1.82532e-05
    outer loop
      vertex -22.9686 1 16
      vertex -23 0 18
      vertex -22.9546 1.44418 18
    endloop
  endfacet
  facet normal 0.278984 -0.960296 0
    outer loop
      vertex 5.71987 -22.2774 0
      vertex 7.10739 -21.8743 18
      vertex 5.71987 -22.2774 18
    endloop
  endfacet
  facet normal 0.278984 -0.960296 0
    outer loop
      vertex 7.10739 -21.8743 18
      vertex 5.71987 -22.2774 0
      vertex 7.10739 -21.8743 0
    endloop
  endfacet
  facet normal -0.397184 0.917739 0
    outer loop
      vertex -8.46686 21.3849 0
      vertex -9.79292 20.811 18
      vertex -8.46686 21.3849 18
    endloop
  endfacet
  facet normal -0.397184 0.917739 0
    outer loop
      vertex -9.79292 20.811 18
      vertex -8.46686 21.3849 0
      vertex -9.79292 20.811 0
    endloop
  endfacet
  facet normal 0.397184 0.917739 -0
    outer loop
      vertex 9.79292 20.811 0
      vertex 8.46686 21.3849 18
      vertex 9.79292 20.811 18
    endloop
  endfacet
  facet normal 0.397184 0.917739 0
    outer loop
      vertex 8.46686 21.3849 18
      vertex 9.79292 20.811 0
      vertex 8.46686 21.3849 0
    endloop
  endfacet
  facet normal -0.75011 -0.661313 0
    outer loop
      vertex -16.7663 -15.7446 0
      vertex -17.7218 -14.6608 18
      vertex -17.7218 -14.6608 0
    endloop
  endfacet
  facet normal -0.75011 -0.661313 0
    outer loop
      vertex -17.7218 -14.6608 18
      vertex -16.7663 -15.7446 0
      vertex -16.7663 -15.7446 18
    endloop
  endfacet
  facet normal -0.509081 0.860718 0
    outer loop
      vertex -11.0803 20.1551 0
      vertex -12.324 19.4195 2
      vertex -11.0803 20.1551 2
    endloop
  endfacet
  facet normal -0.509081 0.860718 0
    outer loop
      vertex -12.324 19.4195 2
      vertex -11.0803 20.1551 0
      vertex -12.324 19.4195 0
    endloop
  endfacet
  facet normal -0.509081 0.860718 0
    outer loop
      vertex -11.0803 20.1551 16
      vertex -12.324 19.4195 18
      vertex -11.0803 20.1551 18
    endloop
  endfacet
  facet normal -0.509081 0.860718 0
    outer loop
      vertex -12.324 19.4195 18
      vertex -11.0803 20.1551 16
      vertex -12.324 19.4195 16
    endloop
  endfacet
  facet normal 0.860718 -0.509081 0
    outer loop
      vertex 19.4195 -12.324 18
      vertex 20.1551 -11.0803 16
      vertex 20.1551 -11.0803 18
    endloop
  endfacet
  facet normal 0.860718 -0.509081 0
    outer loop
      vertex 20.1551 -11.0803 16
      vertex 19.4195 -12.324 18
      vertex 19.4195 -12.324 16
    endloop
  endfacet
  facet normal 0.860718 -0.509081 0
    outer loop
      vertex 19.4195 -12.324 2
      vertex 20.1551 -11.0803 0
      vertex 20.1551 -11.0803 2
    endloop
  endfacet
  facet normal 0.860718 -0.509081 0
    outer loop
      vertex 20.1551 -11.0803 0
      vertex 19.4195 -12.324 2
      vertex 19.4195 -12.324 0
    endloop
  endfacet
  facet normal 0.75011 -0.661313 0
    outer loop
      vertex 16.7663 -15.7446 18
      vertex 17.7218 -14.6608 0
      vertex 17.7218 -14.6608 18
    endloop
  endfacet
  facet normal 0.75011 -0.661313 0
    outer loop
      vertex 17.7218 -14.6608 0
      vertex 16.7663 -15.7446 18
      vertex 16.7663 -15.7446 0
    endloop
  endfacet
  facet normal -0.707107 -0.707107 0
    outer loop
      vertex -15.7446 -16.7663 0
      vertex -16.7663 -15.7446 18
      vertex -16.7663 -15.7446 0
    endloop
  endfacet
  facet normal -0.707107 -0.707107 0
    outer loop
      vertex -16.7663 -15.7446 18
      vertex -15.7446 -16.7663 0
      vertex -15.7446 -16.7663 18
    endloop
  endfacet
  facet normal -0.338714 -0.940889 0
    outer loop
      vertex -8.46686 -21.3849 0
      vertex -7.10739 -21.8743 18
      vertex -8.46686 -21.3849 18
    endloop
  endfacet
  facet normal -0.338714 -0.940889 -0
    outer loop
      vertex -7.10739 -21.8743 18
      vertex -8.46686 -21.3849 0
      vertex -7.10739 -21.8743 0
    endloop
  endfacet
  facet normal -0.917739 -0.397184 0
    outer loop
      vertex -20.811 -9.79292 0
      vertex -21.3849 -8.46686 18
      vertex -21.3849 -8.46686 0
    endloop
  endfacet
  facet normal -0.917739 -0.397184 0
    outer loop
      vertex -21.3849 -8.46686 18
      vertex -20.811 -9.79292 0
      vertex -20.811 -9.79292 18
    endloop
  endfacet
  facet normal -0.975916 0.218147 0
    outer loop
      vertex -22.5926 4.30977 0
      vertex -22.2774 5.71987 18
      vertex -22.2774 5.71987 0
    endloop
  endfacet
  facet normal -0.975916 0.218147 0
    outer loop
      vertex -22.2774 5.71987 18
      vertex -22.5926 4.30977 0
      vertex -22.5926 4.30977 18
    endloop
  endfacet
  facet normal -0.99556 -0.0941245 0
    outer loop
      vertex -22.8186 -2.88266 0
      vertex -22.9546 -1.44418 18
      vertex -22.9546 -1.44418 0
    endloop
  endfacet
  facet normal -0.99556 -0.0941245 0
    outer loop
      vertex -22.9546 -1.44418 18
      vertex -22.8186 -2.88266 0
      vertex -22.8186 -2.88266 18
    endloop
  endfacet
  facet normal 0.031421 0.999506 1.82532e-05
    outer loop
      vertex 1.44418 22.9546 18
      vertex 1 22.9686 16
      vertex 0 23 18
    endloop
  endfacet
  facet normal 0.0315031 0.999504 0
    outer loop
      vertex 1.44418 22.9546 18
      vertex 1 22.9686 2
      vertex 1 22.9686 16
    endloop
  endfacet
  facet normal 0.0315031 0.999504 -0
    outer loop
      vertex 1.44418 22.9546 0
      vertex 1 22.9686 2
      vertex 1.44418 22.9546 18
    endloop
  endfacet
  facet normal 0.031421 0.999506 -1.82532e-05
    outer loop
      vertex 0 23 0
      vertex 1 22.9686 2
      vertex 1.44418 22.9546 0
    endloop
  endfacet
  facet normal 0.0313845 0.999507 0
    outer loop
      vertex 1 22.9686 2
      vertex 0 23 0
      vertex 0 23 2
    endloop
  endfacet
  facet normal 0.0313845 0.999507 0
    outer loop
      vertex 0 23 18
      vertex 1 22.9686 16
      vertex 0 23 16
    endloop
  endfacet
  facet normal 0.860718 0.509081 0
    outer loop
      vertex 20.1551 11.0803 2
      vertex 19.4195 12.324 0
      vertex 19.4195 12.324 2
    endloop
  endfacet
  facet normal 0.860718 0.509081 0
    outer loop
      vertex 19.4195 12.324 0
      vertex 20.1551 11.0803 2
      vertex 20.1551 11.0803 0
    endloop
  endfacet
  facet normal 0.860718 0.509081 0
    outer loop
      vertex 20.1551 11.0803 18
      vertex 19.4195 12.324 16
      vertex 19.4195 12.324 18
    endloop
  endfacet
  facet normal 0.860718 0.509081 0
    outer loop
      vertex 19.4195 12.324 16
      vertex 20.1551 11.0803 18
      vertex 20.1551 11.0803 16
    endloop
  endfacet
  facet normal 0.707107 -0.707107 0
    outer loop
      vertex 15.7446 -16.7663 18
      vertex 16.7663 -15.7446 0
      vertex 16.7663 -15.7446 18
    endloop
  endfacet
  facet normal 0.707107 -0.707107 0
    outer loop
      vertex 16.7663 -15.7446 0
      vertex 15.7446 -16.7663 18
      vertex 15.7446 -16.7663 0
    endloop
  endfacet
  facet normal -0.156413 0.987692 0
    outer loop
      vertex -2.88266 22.8186 0
      vertex -4.30977 22.5926 18
      vertex -2.88266 22.8186 18
    endloop
  endfacet
  facet normal -0.156413 0.987692 0
    outer loop
      vertex -4.30977 22.5926 18
      vertex -2.88266 22.8186 0
      vertex -4.30977 22.5926 0
    endloop
  endfacet
  facet normal -0.790153 -0.61291 0
    outer loop
      vertex -17.7218 -14.6608 0
      vertex -18.6074 -13.5191 18
      vertex -18.6074 -13.5191 0
    endloop
  endfacet
  facet normal -0.790153 -0.61291 0
    outer loop
      vertex -18.6074 -13.5191 18
      vertex -17.7218 -14.6608 0
      vertex -17.7218 -14.6608 18
    endloop
  endfacet
  facet normal 0.560309 -0.828283 0
    outer loop
      vertex 12.324 -19.4195 2
      vertex 12.324 -19.4195 0
      vertex 12.3546 -19.3988 2
    endloop
  endfacet
  facet normal 0.560309 -0.828283 0
    outer loop
      vertex 12.3546 -19.3988 16
      vertex 12.324 -19.4195 18
      vertex 12.324 -19.4195 16
    endloop
  endfacet
  facet normal 0.562041 -0.827109 3.86494e-05
    outer loop
      vertex 12.324 -19.4195 18
      vertex 12.3546 -19.3988 16
      vertex 13.5191 -18.6074 18
    endloop
  endfacet
  facet normal 0.562087 -0.827078 0
    outer loop
      vertex 12.3546 -19.3988 2
      vertex 13.5191 -18.6074 18
      vertex 12.3546 -19.3988 16
    endloop
  endfacet
  facet normal 0.562041 -0.827109 -3.86494e-05
    outer loop
      vertex 13.5191 -18.6074 0
      vertex 12.3546 -19.3988 2
      vertex 12.324 -19.4195 0
    endloop
  endfacet
  facet normal 0.562087 -0.827078 0
    outer loop
      vertex 12.3546 -19.3988 2
      vertex 13.5191 -18.6074 0
      vertex 13.5191 -18.6074 18
    endloop
  endfacet
  facet normal -0.790153 0.61291 0
    outer loop
      vertex -18.6074 13.5191 0
      vertex -17.7218 14.6608 18
      vertex -17.7218 14.6608 0
    endloop
  endfacet
  facet normal -0.790153 0.61291 0
    outer loop
      vertex -17.7218 14.6608 18
      vertex -18.6074 13.5191 0
      vertex -18.6074 13.5191 18
    endloop
  endfacet
  facet normal -0.89101 0.453984 0
    outer loop
      vertex -20.1551 11.0803 0
      vertex -20.3907 10.6179 2
      vertex -20.1551 11.0803 2
    endloop
  endfacet
  facet normal -0.891028 0.453949 0
    outer loop
      vertex -20.3907 10.6179 2
      vertex -20.811 9.79292 0
      vertex -20.3907 10.6179 16
    endloop
  endfacet
  facet normal -0.891021 0.453961 -6.42564e-06
    outer loop
      vertex -20.811 9.79292 0
      vertex -20.3907 10.6179 2
      vertex -20.1551 11.0803 0
    endloop
  endfacet
  facet normal -0.89101 0.453984 0
    outer loop
      vertex -20.3907 10.6179 16
      vertex -20.1551 11.0803 18
      vertex -20.1551 11.0803 16
    endloop
  endfacet
  facet normal -0.891021 0.453961 6.42564e-06
    outer loop
      vertex -20.3907 10.6179 16
      vertex -20.811 9.79292 18
      vertex -20.1551 11.0803 18
    endloop
  endfacet
  facet normal -0.891028 0.453949 0
    outer loop
      vertex -20.811 9.79292 18
      vertex -20.3907 10.6179 16
      vertex -20.811 9.79292 0
    endloop
  endfacet
  facet normal 0.218147 0.975916 -0
    outer loop
      vertex 5.71987 22.2774 0
      vertex 4.30977 22.5926 18
      vertex 5.71987 22.2774 18
    endloop
  endfacet
  facet normal 0.218147 0.975916 0
    outer loop
      vertex 4.30977 22.5926 18
      vertex 5.71987 22.2774 0
      vertex 4.30977 22.5926 0
    endloop
  endfacet
  facet normal -0.338714 0.940889 0
    outer loop
      vertex -7.10739 21.8743 0
      vertex -8.46686 21.3849 18
      vertex -7.10739 21.8743 18
    endloop
  endfacet
  facet normal -0.338714 0.940889 0
    outer loop
      vertex -8.46686 21.3849 18
      vertex -7.10739 21.8743 0
      vertex -8.46686 21.3849 0
    endloop
  endfacet
  facet normal -0.0941245 -0.99556 0
    outer loop
      vertex -2.88266 -22.8186 0
      vertex -1.44418 -22.9546 18
      vertex -2.88266 -22.8186 18
    endloop
  endfacet
  facet normal -0.0941245 -0.99556 -0
    outer loop
      vertex -1.44418 -22.9546 18
      vertex -2.88266 -22.8186 0
      vertex -1.44418 -22.9546 0
    endloop
  endfacet
  facet normal -0.453984 -0.89101 -0
    outer loop
      vertex -11.0803 -20.1551 2
      vertex -11.0803 -20.1551 0
      vertex -10.6179 -20.3907 2
    endloop
  endfacet
  facet normal -0.453984 -0.89101 0
    outer loop
      vertex -10.6179 -20.3907 16
      vertex -11.0803 -20.1551 18
      vertex -11.0803 -20.1551 16
    endloop
  endfacet
  facet normal -0.453961 -0.891021 6.42564e-06
    outer loop
      vertex -11.0803 -20.1551 18
      vertex -10.6179 -20.3907 16
      vertex -9.79292 -20.811 18
    endloop
  endfacet
  facet normal -0.453949 -0.891028 0
    outer loop
      vertex -10.6179 -20.3907 2
      vertex -9.79292 -20.811 18
      vertex -10.6179 -20.3907 16
    endloop
  endfacet
  facet normal -0.453949 -0.891028 0
    outer loop
      vertex -10.6179 -20.3907 2
      vertex -9.79292 -20.811 0
      vertex -9.79292 -20.811 18
    endloop
  endfacet
  facet normal -0.453961 -0.891021 -6.42564e-06
    outer loop
      vertex -9.79292 -20.811 0
      vertex -10.6179 -20.3907 2
      vertex -11.0803 -20.1551 0
    endloop
  endfacet
  facet normal 0.397184 -0.917739 0
    outer loop
      vertex 8.46686 -21.3849 0
      vertex 9.79292 -20.811 18
      vertex 8.46686 -21.3849 18
    endloop
  endfacet
  facet normal 0.397184 -0.917739 0
    outer loop
      vertex 9.79292 -20.811 18
      vertex 8.46686 -21.3849 0
      vertex 9.79292 -20.811 0
    endloop
  endfacet
  facet normal -0.278984 -0.960296 0
    outer loop
      vertex -7.10739 -21.8743 0
      vertex -5.71987 -22.2774 18
      vertex -7.10739 -21.8743 18
    endloop
  endfacet
  facet normal -0.278984 -0.960296 -0
    outer loop
      vertex -5.71987 -22.2774 18
      vertex -7.10739 -21.8743 0
      vertex -5.71987 -22.2774 0
    endloop
  endfacet
  facet normal 0.891028 -0.453949 0
    outer loop
      vertex 20.811 -9.79292 18
      vertex 20.3907 -10.6179 16
      vertex 20.811 -9.79292 0
    endloop
  endfacet
  facet normal 0.891021 -0.453961 6.42564e-06
    outer loop
      vertex 20.1551 -11.0803 18
      vertex 20.3907 -10.6179 16
      vertex 20.811 -9.79292 18
    endloop
  endfacet
  facet normal 0.89101 -0.453984 0
    outer loop
      vertex 20.3907 -10.6179 16
      vertex 20.1551 -11.0803 18
      vertex 20.1551 -11.0803 16
    endloop
  endfacet
  facet normal 0.891028 -0.453949 0
    outer loop
      vertex 20.3907 -10.6179 2
      vertex 20.811 -9.79292 0
      vertex 20.3907 -10.6179 16
    endloop
  endfacet
  facet normal 0.89101 -0.453984 0
    outer loop
      vertex 20.1551 -11.0803 0
      vertex 20.3907 -10.6179 2
      vertex 20.1551 -11.0803 2
    endloop
  endfacet
  facet normal 0.891021 -0.453961 -6.42564e-06
    outer loop
      vertex 20.3907 -10.6179 2
      vertex 20.1551 -11.0803 0
      vertex 20.811 -9.79292 0
    endloop
  endfacet
  facet normal -0.940889 -0.338714 0
    outer loop
      vertex -21.3849 -8.46686 0
      vertex -21.8743 -7.10739 18
      vertex -21.8743 -7.10739 0
    endloop
  endfacet
  facet normal -0.940889 -0.338714 0
    outer loop
      vertex -21.8743 -7.10739 18
      vertex -21.3849 -8.46686 0
      vertex -21.3849 -8.46686 18
    endloop
  endfacet
  facet normal 0.156413 -0.987692 0
    outer loop
      vertex 2.88266 -22.8186 0
      vertex 4.30977 -22.5926 18
      vertex 2.88266 -22.8186 18
    endloop
  endfacet
  facet normal 0.156413 -0.987692 0
    outer loop
      vertex 4.30977 -22.5926 18
      vertex 2.88266 -22.8186 0
      vertex 4.30977 -22.5926 0
    endloop
  endfacet
  facet normal 0.0941245 -0.99556 0
    outer loop
      vertex 1.44418 -22.9546 0
      vertex 2.88266 -22.8186 18
      vertex 1.44418 -22.9546 18
    endloop
  endfacet
  facet normal 0.0941245 -0.99556 0
    outer loop
      vertex 2.88266 -22.8186 18
      vertex 1.44418 -22.9546 0
      vertex 2.88266 -22.8186 0
    endloop
  endfacet
  facet normal 0.453961 -0.891021 6.42564e-06
    outer loop
      vertex 9.79292 -20.811 18
      vertex 10.6179 -20.3907 16
      vertex 11.0803 -20.1551 18
    endloop
  endfacet
  facet normal 0.453949 -0.891028 0
    outer loop
      vertex 9.79292 -20.811 18
      vertex 10.6179 -20.3907 2
      vertex 10.6179 -20.3907 16
    endloop
  endfacet
  facet normal 0.453949 -0.891028 0
    outer loop
      vertex 9.79292 -20.811 0
      vertex 10.6179 -20.3907 2
      vertex 9.79292 -20.811 18
    endloop
  endfacet
  facet normal 0.453961 -0.891021 -6.42564e-06
    outer loop
      vertex 11.0803 -20.1551 0
      vertex 10.6179 -20.3907 2
      vertex 9.79292 -20.811 0
    endloop
  endfacet
  facet normal 0.453984 -0.89101 0
    outer loop
      vertex 10.6179 -20.3907 2
      vertex 11.0803 -20.1551 0
      vertex 11.0803 -20.1551 2
    endloop
  endfacet
  facet normal 0.453984 -0.89101 0
    outer loop
      vertex 11.0803 -20.1551 18
      vertex 10.6179 -20.3907 16
      vertex 11.0803 -20.1551 16
    endloop
  endfacet
  facet normal -0.61291 -0.790153 0
    outer loop
      vertex -14.6608 -17.7218 0
      vertex -13.5191 -18.6074 18
      vertex -14.6608 -17.7218 18
    endloop
  endfacet
  facet normal -0.61291 -0.790153 -0
    outer loop
      vertex -13.5191 -18.6074 18
      vertex -14.6608 -17.7218 0
      vertex -13.5191 -18.6074 0
    endloop
  endfacet
  facet normal -0.860718 0.509081 0
    outer loop
      vertex -20.1551 11.0803 16
      vertex -19.4195 12.324 18
      vertex -19.4195 12.324 16
    endloop
  endfacet
  facet normal -0.860718 0.509081 0
    outer loop
      vertex -19.4195 12.324 18
      vertex -20.1551 11.0803 16
      vertex -20.1551 11.0803 18
    endloop
  endfacet
  facet normal -0.860718 0.509081 0
    outer loop
      vertex -20.1551 11.0803 0
      vertex -19.4195 12.324 2
      vertex -19.4195 12.324 0
    endloop
  endfacet
  facet normal -0.860718 0.509081 0
    outer loop
      vertex -19.4195 12.324 2
      vertex -20.1551 11.0803 0
      vertex -20.1551 11.0803 2
    endloop
  endfacet
  facet normal -0.509081 -0.860718 0
    outer loop
      vertex -12.324 -19.4195 0
      vertex -11.0803 -20.1551 2
      vertex -12.324 -19.4195 2
    endloop
  endfacet
  facet normal -0.509081 -0.860718 -0
    outer loop
      vertex -11.0803 -20.1551 2
      vertex -12.324 -19.4195 0
      vertex -11.0803 -20.1551 0
    endloop
  endfacet
  facet normal -0.509081 -0.860718 0
    outer loop
      vertex -12.324 -19.4195 16
      vertex -11.0803 -20.1551 18
      vertex -12.324 -19.4195 18
    endloop
  endfacet
  facet normal -0.509081 -0.860718 -0
    outer loop
      vertex -11.0803 -20.1551 18
      vertex -12.324 -19.4195 16
      vertex -11.0803 -20.1551 16
    endloop
  endfacet
  facet normal 0.0941245 0.99556 -0
    outer loop
      vertex 2.88266 22.8186 0
      vertex 1.44418 22.9546 18
      vertex 2.88266 22.8186 18
    endloop
  endfacet
  facet normal 0.0941245 0.99556 0
    outer loop
      vertex 1.44418 22.9546 18
      vertex 2.88266 22.8186 0
      vertex 1.44418 22.9546 0
    endloop
  endfacet
  facet normal 0.156413 0.987692 -0
    outer loop
      vertex 4.30977 22.5926 0
      vertex 2.88266 22.8186 18
      vertex 4.30977 22.5926 18
    endloop
  endfacet
  facet normal 0.156413 0.987692 0
    outer loop
      vertex 2.88266 22.8186 18
      vertex 4.30977 22.5926 0
      vertex 2.88266 22.8186 0
    endloop
  endfacet
  facet normal -0.562041 -0.827109 3.86494e-05
    outer loop
      vertex -13.5191 -18.6074 18
      vertex -12.3546 -19.3988 16
      vertex -12.324 -19.4195 18
    endloop
  endfacet
  facet normal -0.562087 -0.827078 0
    outer loop
      vertex -13.5191 -18.6074 18
      vertex -12.3546 -19.3988 2
      vertex -12.3546 -19.3988 16
    endloop
  endfacet
  facet normal -0.562087 -0.827078 0
    outer loop
      vertex -13.5191 -18.6074 0
      vertex -12.3546 -19.3988 2
      vertex -13.5191 -18.6074 18
    endloop
  endfacet
  facet normal -0.562041 -0.827109 -3.86494e-05
    outer loop
      vertex -12.324 -19.4195 0
      vertex -12.3546 -19.3988 2
      vertex -13.5191 -18.6074 0
    endloop
  endfacet
  facet normal -0.560309 -0.828283 0
    outer loop
      vertex -12.3546 -19.3988 2
      vertex -12.324 -19.4195 0
      vertex -12.324 -19.4195 2
    endloop
  endfacet
  facet normal -0.560309 -0.828283 -0
    outer loop
      vertex -12.324 -19.4195 18
      vertex -12.3546 -19.3988 16
      vertex -12.324 -19.4195 16
    endloop
  endfacet
  facet normal -0.891028 -0.453949 0
    outer loop
      vertex -20.811 -9.79292 0
      vertex -20.3907 -10.6179 2
      vertex -20.811 -9.79292 18
    endloop
  endfacet
  facet normal -0.891021 -0.453961 -6.42564e-06
    outer loop
      vertex -20.1551 -11.0803 0
      vertex -20.3907 -10.6179 2
      vertex -20.811 -9.79292 0
    endloop
  endfacet
  facet normal -0.89101 -0.453984 0
    outer loop
      vertex -20.3907 -10.6179 2
      vertex -20.1551 -11.0803 0
      vertex -20.1551 -11.0803 2
    endloop
  endfacet
  facet normal -0.891028 -0.453949 -0
    outer loop
      vertex -20.3907 -10.6179 16
      vertex -20.811 -9.79292 18
      vertex -20.3907 -10.6179 2
    endloop
  endfacet
  facet normal -0.89101 -0.453984 -0
    outer loop
      vertex -20.1551 -11.0803 18
      vertex -20.3907 -10.6179 16
      vertex -20.1551 -11.0803 16
    endloop
  endfacet
  facet normal -0.891021 -0.453961 6.42564e-06
    outer loop
      vertex -20.3907 -10.6179 16
      vertex -20.1551 -11.0803 18
      vertex -20.811 -9.79292 18
    endloop
  endfacet
  facet normal -0.278993 0.960293 0
    outer loop
      vertex 6.33485 -19.4967 2
      vertex 5.09814 -19.856 3
      vertex 6.33485 -19.4967 3
    endloop
  endfacet
  facet normal -0.278993 0.960293 0
    outer loop
      vertex 5.09814 -19.856 3
      vertex 6.33485 -19.4967 2
      vertex 5.09814 -19.856 2
    endloop
  endfacet
  facet normal -0.999505 0.0314481 0
    outer loop
      vertex 20.4595 -1.2872 2
      vertex 20.5 0 3
      vertex 20.5 0 2
    endloop
  endfacet
  facet normal -0.999505 0.0314481 0
    outer loop
      vertex 20.5 0 3
      vertex 20.4595 -1.2872 2
      vertex 20.4595 -1.2872 3
    endloop
  endfacet
  facet normal -0.995569 -0.0940337 0
    outer loop
      vertex 20.4595 1.2872 2
      vertex 20.3384 2.56933 3
      vertex 20.3384 2.56933 2
    endloop
  endfacet
  facet normal -0.995569 -0.0940337 0
    outer loop
      vertex 20.3384 2.56933 3
      vertex 20.4595 1.2872 2
      vertex 20.4595 1.2872 3
    endloop
  endfacet
  facet normal -0.999505 -0.0314481 0
    outer loop
      vertex 20.5 0 2
      vertex 20.4595 1.2872 3
      vertex 20.4595 1.2872 2
    endloop
  endfacet
  facet normal -0.999505 -0.0314481 0
    outer loop
      vertex 20.4595 1.2872 3
      vertex 20.5 0 2
      vertex 20.5 0 3
    endloop
  endfacet
  facet normal -0.790167 0.612892 0
    outer loop
      vertex 15.7955 -13.0672 2
      vertex 16.5848 -12.0496 3
      vertex 16.5848 -12.0496 2
    endloop
  endfacet
  facet normal -0.790167 0.612892 0
    outer loop
      vertex 16.5848 -12.0496 3
      vertex 15.7955 -13.0672 2
      vertex 15.7955 -13.0672 3
    endloop
  endfacet
  facet normal 0.612892 0.790167 -0
    outer loop
      vertex -12.0496 -16.5848 2
      vertex -13.0672 -15.7955 3
      vertex -12.0496 -16.5848 3
    endloop
  endfacet
  facet normal 0.612892 0.790167 0
    outer loop
      vertex -13.0672 -15.7955 3
      vertex -12.0496 -16.5848 2
      vertex -13.0672 -15.7955 2
    endloop
  endfacet
  facet normal -0.454009 0.890997 0
    outer loop
      vertex 9.87595 -17.9643 2
      vertex 8.72847 -18.549 3
      vertex 9.87595 -17.9643 3
    endloop
  endfacet
  facet normal -0.454009 0.890997 0
    outer loop
      vertex 8.72847 -18.549 3
      vertex 9.87595 -17.9643 2
      vertex 8.72847 -18.549 2
    endloop
  endfacet
  facet normal 0.940866 0.33878 0
    outer loop
      vertex -19.0604 -7.54655 3
      vertex -19.4967 -6.33485 2
      vertex -19.4967 -6.33485 3
    endloop
  endfacet
  facet normal 0.940866 0.33878 0
    outer loop
      vertex -19.4967 -6.33485 2
      vertex -19.0604 -7.54655 3
      vertex -19.0604 -7.54655 2
    endloop
  endfacet
  facet normal 0.0314481 0.999505 -0
    outer loop
      vertex 0 -20.5 2
      vertex -1.2872 -20.4595 3
      vertex 0 -20.5 3
    endloop
  endfacet
  facet normal 0.0314481 0.999505 0
    outer loop
      vertex -1.2872 -20.4595 3
      vertex 0 -20.5 2
      vertex -1.2872 -20.4595 2
    endloop
  endfacet
  facet normal -0.612892 -0.790167 0
    outer loop
      vertex 12.0496 16.5848 2
      vertex 13.0672 15.7955 3
      vertex 12.0496 16.5848 3
    endloop
  endfacet
  facet normal -0.612892 -0.790167 -0
    outer loop
      vertex 13.0672 15.7955 3
      vertex 12.0496 16.5848 2
      vertex 13.0672 15.7955 2
    endloop
  endfacet
  facet normal 0.218119 0.975922 -0
    outer loop
      vertex -3.84132 -20.1369 2
      vertex -5.09814 -19.856 3
      vertex -3.84132 -20.1369 3
    endloop
  endfacet
  facet normal 0.218119 0.975922 0
    outer loop
      vertex -5.09814 -19.856 3
      vertex -3.84132 -20.1369 2
      vertex -5.09814 -19.856 2
    endloop
  endfacet
  facet normal -0.0940337 0.995569 0
    outer loop
      vertex 2.56933 -20.3384 2
      vertex 1.2872 -20.4595 3
      vertex 2.56933 -20.3384 3
    endloop
  endfacet
  facet normal -0.0940337 0.995569 0
    outer loop
      vertex 1.2872 -20.4595 3
      vertex 2.56933 -20.3384 2
      vertex 1.2872 -20.4595 2
    endloop
  endfacet
  facet normal 0.661293 -0.750128 0
    outer loop
      vertex -14.0332 14.9439 2
      vertex -13.0672 15.7955 3
      vertex -14.0332 14.9439 3
    endloop
  endfacet
  facet normal 0.661293 -0.750128 0
    outer loop
      vertex -13.0672 15.7955 3
      vertex -14.0332 14.9439 2
      vertex -13.0672 15.7955 2
    endloop
  endfacet
  facet normal -0.156462 0.987684 0
    outer loop
      vertex 3.84132 -20.1369 2
      vertex 2.56933 -20.3384 3
      vertex 3.84132 -20.1369 3
    endloop
  endfacet
  facet normal -0.156462 0.987684 0
    outer loop
      vertex 2.56933 -20.3384 3
      vertex 3.84132 -20.1369 2
      vertex 2.56933 -20.3384 2
    endloop
  endfacet
  facet normal -0.278993 -0.960293 0
    outer loop
      vertex 5.09814 19.856 2
      vertex 6.33485 19.4967 3
      vertex 5.09814 19.856 3
    endloop
  endfacet
  facet normal -0.278993 -0.960293 -0
    outer loop
      vertex 6.33485 19.4967 3
      vertex 5.09814 19.856 2
      vertex 6.33485 19.4967 2
    endloop
  endfacet
  facet normal -0.975922 0.218119 0
    outer loop
      vertex 19.856 -5.09814 2
      vertex 20.1369 -3.84132 3
      vertex 20.1369 -3.84132 2
    endloop
  endfacet
  facet normal -0.975922 0.218119 0
    outer loop
      vertex 20.1369 -3.84132 3
      vertex 19.856 -5.09814 2
      vertex 19.856 -5.09814 3
    endloop
  endfacet
  facet normal 0.917772 0.397107 0
    outer loop
      vertex -18.549 -8.72847 3
      vertex -19.0604 -7.54655 2
      vertex -19.0604 -7.54655 3
    endloop
  endfacet
  facet normal 0.917772 0.397107 0
    outer loop
      vertex -19.0604 -7.54655 2
      vertex -18.549 -8.72847 3
      vertex -18.549 -8.72847 2
    endloop
  endfacet
  facet normal -0.890997 0.454009 0
    outer loop
      vertex 17.9643 -9.87595 2
      vertex 18.549 -8.72847 3
      vertex 18.549 -8.72847 2
    endloop
  endfacet
  facet normal -0.890997 0.454009 0
    outer loop
      vertex 18.549 -8.72847 3
      vertex 17.9643 -9.87595 2
      vertex 17.9643 -9.87595 3
    endloop
  endfacet
  facet normal 0.960293 0.278993 0
    outer loop
      vertex -19.4967 -6.33485 3
      vertex -19.856 -5.09814 2
      vertex -19.856 -5.09814 3
    endloop
  endfacet
  facet normal 0.960293 0.278993 0
    outer loop
      vertex -19.856 -5.09814 2
      vertex -19.4967 -6.33485 3
      vertex -19.4967 -6.33485 2
    endloop
  endfacet
  facet normal -0.661293 -0.750128 0
    outer loop
      vertex 13.0672 15.7955 2
      vertex 14.0332 14.9439 3
      vertex 13.0672 15.7955 3
    endloop
  endfacet
  facet normal -0.661293 -0.750128 -0
    outer loop
      vertex 14.0332 14.9439 3
      vertex 13.0672 15.7955 2
      vertex 14.0332 14.9439 2
    endloop
  endfacet
  facet normal 0 0 1
    outer loop
      vertex 18 0 2
      vertex 20.5 0 2
      vertex 20.4595 1.2872 2
    endloop
  endfacet
  facet normal 0 0 1
    outer loop
      vertex 17.9645 1.13023 2
      vertex 20.4595 1.2872 2
      vertex 20.3384 2.56933 2
    endloop
  endfacet
  facet normal 0 0 1
    outer loop
      vertex 20.5 0 2
      vertex 18 0 2
      vertex 20.4595 -1.2872 2
    endloop
  endfacet
  facet normal 0 0 1
    outer loop
      vertex 17.8581 2.256 2
      vertex 20.3384 2.56933 2
      vertex 20.1369 3.84132 2
    endloop
  endfacet
  facet normal -0 0 1
    outer loop
      vertex 17.9645 -1.13023 2
      vertex 20.4595 -1.2872 2
      vertex 18 0 2
    endloop
  endfacet
  facet normal 0 0 1
    outer loop
      vertex 17.6812 3.37286 2
      vertex 20.1369 3.84132 2
      vertex 19.856 5.09814 2
    endloop
  endfacet
  facet normal 0 0 1
    outer loop
      vertex 20.4595 -1.2872 2
      vertex 17.9645 -1.13023 2
      vertex 20.3384 -2.56933 2
    endloop
  endfacet
  facet normal 0 0 1
    outer loop
      vertex 17.4345 4.47642 2
      vertex 19.856 5.09814 2
      vertex 19.4967 6.33485 2
    endloop
  endfacet
  facet normal -0 0 1
    outer loop
      vertex 17.8581 -2.256 2
      vertex 20.3384 -2.56933 2
      vertex 17.9645 -1.13023 2
    endloop
  endfacet
  facet normal 0 0 1
    outer loop
      vertex 17.119 5.56231 2
      vertex 19.4967 6.33485 2
      vertex 19.0604 7.54655 2
    endloop
  endfacet
  facet normal 0 0 1
    outer loop
      vertex 20.3384 -2.56933 2
      vertex 17.8581 -2.256 2
      vertex 20.1369 -3.84132 2
    endloop
  endfacet
  facet normal 0 0 1
    outer loop
      vertex 16.736 6.62624 2
      vertex 19.0604 7.54655 2
      vertex 18.549 8.72847 2
    endloop
  endfacet
  facet normal -0 0 1
    outer loop
      vertex 17.6812 -3.37286 2
      vertex 20.1369 -3.84132 2
      vertex 17.8581 -2.256 2
    endloop
  endfacet
  facet normal 0 0 1
    outer loop
      vertex 20.1369 -3.84132 2
      vertex 17.6812 -3.37286 2
      vertex 19.856 -5.09814 2
    endloop
  endfacet
  facet normal 0 0 1
    outer loop
      vertex 20.4595 1.2872 2
      vertex 17.9645 1.13023 2
      vertex 18 0 2
    endloop
  endfacet
  facet normal 0 0 1
    outer loop
      vertex 16.2869 7.66403 2
      vertex 18.549 8.72847 2
      vertex 17.9643 9.87595 2
    endloop
  endfacet
  facet normal 0 0 1
    outer loop
      vertex 20.3384 2.56933 2
      vertex 17.8581 2.256 2
      vertex 17.9645 1.13023 2
    endloop
  endfacet
  facet normal 0 0 1
    outer loop
      vertex 20.1369 3.84132 2
      vertex 17.6812 3.37286 2
      vertex 17.8581 2.256 2
    endloop
  endfacet
  facet normal 0 0 1
    outer loop
      vertex 19.856 5.09814 2
      vertex 17.4345 4.47642 2
      vertex 17.6812 3.37286 2
    endloop
  endfacet
  facet normal 0 0 1
    outer loop
      vertex 15.7735 8.67157 2
      vertex 17.9643 9.87595 2
      vertex 17.3087 10.9844 2
    endloop
  endfacet
  facet normal 0 0 1
    outer loop
      vertex 19.4967 6.33485 2
      vertex 17.119 5.56231 2
      vertex 17.4345 4.47642 2
    endloop
  endfacet
  facet normal 0 0 1
    outer loop
      vertex 19.0604 7.54655 2
      vertex 16.736 6.62624 2
      vertex 17.119 5.56231 2
    endloop
  endfacet
  facet normal 0 0 1
    outer loop
      vertex 15.1979 9.64488 2
      vertex 17.3087 10.9844 2
      vertex 16.5848 12.0496 2
    endloop
  endfacet
  facet normal 0 0 1
    outer loop
      vertex 18.549 8.72847 2
      vertex 16.2869 7.66403 2
      vertex 16.736 6.62624 2
    endloop
  endfacet
  facet normal 0 0 1
    outer loop
      vertex 14.5623 10.5801 2
      vertex 16.5848 12.0496 2
      vertex 15.7955 13.0672 2
    endloop
  endfacet
  facet normal 0 0 1
    outer loop
      vertex 17.9643 9.87595 2
      vertex 15.7735 8.67157 2
      vertex 16.2869 7.66403 2
    endloop
  endfacet
  facet normal 0 0 1
    outer loop
      vertex 17.3087 10.9844 2
      vertex 15.1979 9.64488 2
      vertex 15.7735 8.67157 2
    endloop
  endfacet
  facet normal 0 0 1
    outer loop
      vertex 13.8692 11.4736 2
      vertex 15.7955 13.0672 2
      vertex 14.9439 14.0332 2
    endloop
  endfacet
  facet normal 0 0 1
    outer loop
      vertex 16.5848 12.0496 2
      vertex 14.5623 10.5801 2
      vertex 15.1979 9.64488 2
    endloop
  endfacet
  facet normal 0 0 1
    outer loop
      vertex 13.1214 12.3218 2
      vertex 14.9439 14.0332 2
      vertex 14.0332 14.9439 2
    endloop
  endfacet
  facet normal 0 0 1
    outer loop
      vertex 15.7955 13.0672 2
      vertex 13.8692 11.4736 2
      vertex 14.5623 10.5801 2
    endloop
  endfacet
  facet normal 0 0 1
    outer loop
      vertex 14.9439 14.0332 2
      vertex 13.1214 12.3218 2
      vertex 13.8692 11.4736 2
    endloop
  endfacet
  facet normal 0 0 1
    outer loop
      vertex 12.3218 13.1214 2
      vertex 14.0332 14.9439 2
      vertex 13.0672 15.7955 2
    endloop
  endfacet
  facet normal 0 0 1
    outer loop
      vertex 14.0332 14.9439 2
      vertex 12.3218 13.1214 2
      vertex 13.1214 12.3218 2
    endloop
  endfacet
  facet normal 0 0 1
    outer loop
      vertex 11.4736 13.8692 2
      vertex 13.0672 15.7955 2
      vertex 12.0496 16.5848 2
    endloop
  endfacet
  facet normal 0 0 1
    outer loop
      vertex 13.0672 15.7955 2
      vertex 11.4736 13.8692 2
      vertex 12.3218 13.1214 2
    endloop
  endfacet
  facet normal 0 0 1
    outer loop
      vertex 10.5801 14.5623 2
      vertex 12.0496 16.5848 2
      vertex 10.9844 17.3087 2
    endloop
  endfacet
  facet normal 0 0 1
    outer loop
      vertex 12.0496 16.5848 2
      vertex 10.5801 14.5623 2
      vertex 11.4736 13.8692 2
    endloop
  endfacet
  facet normal 0 0 1
    outer loop
      vertex 9.64488 15.1979 2
      vertex 10.9844 17.3087 2
      vertex 9.87595 17.9643 2
    endloop
  endfacet
  facet normal 0 0 1
    outer loop
      vertex 10.9844 17.3087 2
      vertex 9.64488 15.1979 2
      vertex 10.5801 14.5623 2
    endloop
  endfacet
  facet normal 0 0 1
    outer loop
      vertex 8.67157 15.7735 2
      vertex 9.87595 17.9643 2
      vertex 8.72847 18.549 2
    endloop
  endfacet
  facet normal 0 0 1
    outer loop
      vertex 9.87595 17.9643 2
      vertex 8.67157 15.7735 2
      vertex 9.64488 15.1979 2
    endloop
  endfacet
  facet normal 0 0 1
    outer loop
      vertex 8.72847 18.549 2
      vertex 7.66403 16.2869 2
      vertex 8.67157 15.7735 2
    endloop
  endfacet
  facet normal 0 0 1
    outer loop
      vertex 7.54655 19.0604 2
      vertex 7.66403 16.2869 2
      vertex 8.72847 18.549 2
    endloop
  endfacet
  facet normal 0 0 1
    outer loop
      vertex 7.54655 19.0604 2
      vertex 6.62624 16.736 2
      vertex 7.66403 16.2869 2
    endloop
  endfacet
  facet normal 0 0 1
    outer loop
      vertex 6.33485 19.4967 2
      vertex 6.62624 16.736 2
      vertex 7.54655 19.0604 2
    endloop
  endfacet
  facet normal 0 0 1
    outer loop
      vertex 6.33485 19.4967 2
      vertex 5.56231 17.119 2
      vertex 6.62624 16.736 2
    endloop
  endfacet
  facet normal 0 0 1
    outer loop
      vertex 5.09814 19.856 2
      vertex 5.56231 17.119 2
      vertex 6.33485 19.4967 2
    endloop
  endfacet
  facet normal 0 0 1
    outer loop
      vertex 5.09814 19.856 2
      vertex 4.47642 17.4345 2
      vertex 5.56231 17.119 2
    endloop
  endfacet
  facet normal 0 0 1
    outer loop
      vertex 3.84132 20.1369 2
      vertex 4.47642 17.4345 2
      vertex 5.09814 19.856 2
    endloop
  endfacet
  facet normal 0 0 1
    outer loop
      vertex 3.84132 20.1369 2
      vertex 3.37286 17.6812 2
      vertex 4.47642 17.4345 2
    endloop
  endfacet
  facet normal 0 0 1
    outer loop
      vertex 2.56933 20.3384 2
      vertex 3.37286 17.6812 2
      vertex 3.84132 20.1369 2
    endloop
  endfacet
  facet normal 0 0 1
    outer loop
      vertex 2.56933 20.3384 2
      vertex 2.256 17.8581 2
      vertex 3.37286 17.6812 2
    endloop
  endfacet
  facet normal 0 0 1
    outer loop
      vertex 1.2872 20.4595 2
      vertex 2.256 17.8581 2
      vertex 2.56933 20.3384 2
    endloop
  endfacet
  facet normal 0 0 1
    outer loop
      vertex 1.2872 20.4595 2
      vertex 1.13023 17.9645 2
      vertex 2.256 17.8581 2
    endloop
  endfacet
  facet normal 0 0 1
    outer loop
      vertex 0 20.5 2
      vertex 1.13023 17.9645 2
      vertex 1.2872 20.4595 2
    endloop
  endfacet
  facet normal 0 0 1
    outer loop
      vertex 0 20.5 2
      vertex 0 18 2
      vertex 1.13023 17.9645 2
    endloop
  endfacet
  facet normal 0 0 1
    outer loop
      vertex 0 20.5 2
      vertex -1.13023 17.9645 2
      vertex 0 18 2
    endloop
  endfacet
  facet normal -0 0 1
    outer loop
      vertex -1.2872 20.4595 2
      vertex -1.13023 17.9645 2
      vertex 0 20.5 2
    endloop
  endfacet
  facet normal 0 0 1
    outer loop
      vertex -1.2872 20.4595 2
      vertex -2.256 17.8581 2
      vertex -1.13023 17.9645 2
    endloop
  endfacet
  facet normal -0 0 1
    outer loop
      vertex -2.56933 20.3384 2
      vertex -2.256 17.8581 2
      vertex -1.2872 20.4595 2
    endloop
  endfacet
  facet normal 0 0 1
    outer loop
      vertex -2.56933 20.3384 2
      vertex -3.37286 17.6812 2
      vertex -2.256 17.8581 2
    endloop
  endfacet
  facet normal -0 0 1
    outer loop
      vertex -3.84132 20.1369 2
      vertex -3.37286 17.6812 2
      vertex -2.56933 20.3384 2
    endloop
  endfacet
  facet normal 0 0 1
    outer loop
      vertex -3.84132 20.1369 2
      vertex -4.47642 17.4345 2
      vertex -3.37286 17.6812 2
    endloop
  endfacet
  facet normal -0 0 1
    outer loop
      vertex -5.09814 19.856 2
      vertex -4.47642 17.4345 2
      vertex -3.84132 20.1369 2
    endloop
  endfacet
  facet normal 0 0 1
    outer loop
      vertex -5.09814 19.856 2
      vertex -5.56231 17.119 2
      vertex -4.47642 17.4345 2
    endloop
  endfacet
  facet normal -0 0 1
    outer loop
      vertex -6.33485 19.4967 2
      vertex -5.56231 17.119 2
      vertex -5.09814 19.856 2
    endloop
  endfacet
  facet normal 0 0 1
    outer loop
      vertex -6.33485 19.4967 2
      vertex -6.62624 16.736 2
      vertex -5.56231 17.119 2
    endloop
  endfacet
  facet normal -0 0 1
    outer loop
      vertex -7.54655 19.0604 2
      vertex -6.62624 16.736 2
      vertex -6.33485 19.4967 2
    endloop
  endfacet
  facet normal 0 0 1
    outer loop
      vertex -7.54655 19.0604 2
      vertex -7.66403 16.2869 2
      vertex -6.62624 16.736 2
    endloop
  endfacet
  facet normal -0 0 1
    outer loop
      vertex -8.72847 18.549 2
      vertex -7.66403 16.2869 2
      vertex -7.54655 19.0604 2
    endloop
  endfacet
  facet normal 0 0 1
    outer loop
      vertex -7.66403 16.2869 2
      vertex -8.72847 18.549 2
      vertex -8.67157 15.7735 2
    endloop
  endfacet
  facet normal -0 0 1
    outer loop
      vertex -9.87595 17.9643 2
      vertex -8.67157 15.7735 2
      vertex -8.72847 18.549 2
    endloop
  endfacet
  facet normal 0 0 1
    outer loop
      vertex -8.67157 15.7735 2
      vertex -9.87595 17.9643 2
      vertex -9.64488 15.1979 2
    endloop
  endfacet
  facet normal -0 0 1
    outer loop
      vertex -10.9844 17.3087 2
      vertex -9.64488 15.1979 2
      vertex -9.87595 17.9643 2
    endloop
  endfacet
  facet normal 0 0 1
    outer loop
      vertex -9.64488 15.1979 2
      vertex -10.9844 17.3087 2
      vertex -10.5801 14.5623 2
    endloop
  endfacet
  facet normal -0 0 1
    outer loop
      vertex -12.0496 16.5848 2
      vertex -10.5801 14.5623 2
      vertex -10.9844 17.3087 2
    endloop
  endfacet
  facet normal 0 0 1
    outer loop
      vertex -10.5801 14.5623 2
      vertex -12.0496 16.5848 2
      vertex -11.4736 13.8692 2
    endloop
  endfacet
  facet normal -0 0 1
    outer loop
      vertex -13.0672 15.7955 2
      vertex -11.4736 13.8692 2
      vertex -12.0496 16.5848 2
    endloop
  endfacet
  facet normal 0 0 1
    outer loop
      vertex -11.4736 13.8692 2
      vertex -13.0672 15.7955 2
      vertex -12.3218 13.1214 2
    endloop
  endfacet
  facet normal -0 0 1
    outer loop
      vertex -14.0332 14.9439 2
      vertex -12.3218 13.1214 2
      vertex -13.0672 15.7955 2
    endloop
  endfacet
  facet normal 0 0 1
    outer loop
      vertex -12.3218 13.1214 2
      vertex -14.0332 14.9439 2
      vertex -13.1214 12.3218 2
    endloop
  endfacet
  facet normal -0 0 1
    outer loop
      vertex -14.9439 14.0332 2
      vertex -13.1214 12.3218 2
      vertex -14.0332 14.9439 2
    endloop
  endfacet
  facet normal 0 0 1
    outer loop
      vertex -13.1214 12.3218 2
      vertex -14.9439 14.0332 2
      vertex -13.8692 11.4736 2
    endloop
  endfacet
  facet normal -0 0 1
    outer loop
      vertex -15.7955 13.0672 2
      vertex -13.8692 11.4736 2
      vertex -14.9439 14.0332 2
    endloop
  endfacet
  facet normal 0 0 1
    outer loop
      vertex -13.8692 11.4736 2
      vertex -15.7955 13.0672 2
      vertex -14.5623 10.5801 2
    endloop
  endfacet
  facet normal -0 0 1
    outer loop
      vertex -16.5848 12.0496 2
      vertex -14.5623 10.5801 2
      vertex -15.7955 13.0672 2
    endloop
  endfacet
  facet normal 0 0 1
    outer loop
      vertex -14.5623 10.5801 2
      vertex -16.5848 12.0496 2
      vertex -15.1979 9.64488 2
    endloop
  endfacet
  facet normal -0 0 1
    outer loop
      vertex -17.3087 10.9844 2
      vertex -15.1979 9.64488 2
      vertex -16.5848 12.0496 2
    endloop
  endfacet
  facet normal 0 0 1
    outer loop
      vertex -15.1979 9.64488 2
      vertex -17.3087 10.9844 2
      vertex -15.7735 8.67157 2
    endloop
  endfacet
  facet normal -0 0 1
    outer loop
      vertex -17.9643 9.87595 2
      vertex -15.7735 8.67157 2
      vertex -17.3087 10.9844 2
    endloop
  endfacet
  facet normal 0 0 1
    outer loop
      vertex -15.7735 8.67157 2
      vertex -17.9643 9.87595 2
      vertex -16.2869 7.66403 2
    endloop
  endfacet
  facet normal -0 0 1
    outer loop
      vertex -18.549 8.72847 2
      vertex -16.2869 7.66403 2
      vertex -17.9643 9.87595 2
    endloop
  endfacet
  facet normal 0 0 1
    outer loop
      vertex -16.2869 7.66403 2
      vertex -18.549 8.72847 2
      vertex -16.736 6.62624 2
    endloop
  endfacet
  facet normal -0 0 1
    outer loop
      vertex -19.0604 7.54655 2
      vertex -16.736 6.62624 2
      vertex -18.549 8.72847 2
    endloop
  endfacet
  facet normal 0 0 1
    outer loop
      vertex -16.736 6.62624 2
      vertex -19.0604 7.54655 2
      vertex -17.119 5.56231 2
    endloop
  endfacet
  facet normal -0 0 1
    outer loop
      vertex -19.4967 6.33485 2
      vertex -17.119 5.56231 2
      vertex -19.0604 7.54655 2
    endloop
  endfacet
  facet normal 0 0 1
    outer loop
      vertex -17.119 5.56231 2
      vertex -19.4967 6.33485 2
      vertex -17.4345 4.47642 2
    endloop
  endfacet
  facet normal -0 0 1
    outer loop
      vertex -19.856 5.09814 2
      vertex -17.4345 4.47642 2
      vertex -19.4967 6.33485 2
    endloop
  endfacet
  facet normal 0 0 1
    outer loop
      vertex -17.4345 4.47642 2
      vertex -19.856 5.09814 2
      vertex -17.6812 3.37286 2
    endloop
  endfacet
  facet normal -0 0 1
    outer loop
      vertex 17.4345 -4.47642 2
      vertex 19.856 -5.09814 2
      vertex 17.6812 -3.37286 2
    endloop
  endfacet
  facet normal 0 0 1
    outer loop
      vertex 19.856 -5.09814 2
      vertex 17.4345 -4.47642 2
      vertex 19.4967 -6.33485 2
    endloop
  endfacet
  facet normal -0 0 1
    outer loop
      vertex 17.119 -5.56231 2
      vertex 19.4967 -6.33485 2
      vertex 17.4345 -4.47642 2
    endloop
  endfacet
  facet normal 0 0 1
    outer loop
      vertex 19.4967 -6.33485 2
      vertex 17.119 -5.56231 2
      vertex 19.0604 -7.54655 2
    endloop
  endfacet
  facet normal -0 0 1
    outer loop
      vertex 16.736 -6.62624 2
      vertex 19.0604 -7.54655 2
      vertex 17.119 -5.56231 2
    endloop
  endfacet
  facet normal 0 0 1
    outer loop
      vertex 19.0604 -7.54655 2
      vertex 16.736 -6.62624 2
      vertex 18.549 -8.72847 2
    endloop
  endfacet
  facet normal -0 0 1
    outer loop
      vertex 16.2869 -7.66403 2
      vertex 18.549 -8.72847 2
      vertex 16.736 -6.62624 2
    endloop
  endfacet
  facet normal 0 0 1
    outer loop
      vertex 18.549 -8.72847 2
      vertex 16.2869 -7.66403 2
      vertex 17.9643 -9.87595 2
    endloop
  endfacet
  facet normal -0 0 1
    outer loop
      vertex 15.7735 -8.67157 2
      vertex 17.9643 -9.87595 2
      vertex 16.2869 -7.66403 2
    endloop
  endfacet
  facet normal 0 0 1
    outer loop
      vertex 17.9643 -9.87595 2
      vertex 15.7735 -8.67157 2
      vertex 17.3087 -10.9844 2
    endloop
  endfacet
  facet normal -0 0 1
    outer loop
      vertex 15.1979 -9.64488 2
      vertex 17.3087 -10.9844 2
      vertex 15.7735 -8.67157 2
    endloop
  endfacet
  facet normal 0 0 1
    outer loop
      vertex 17.3087 -10.9844 2
      vertex 15.1979 -9.64488 2
      vertex 16.5848 -12.0496 2
    endloop
  endfacet
  facet normal -0 0 1
    outer loop
      vertex 14.5623 -10.5801 2
      vertex 16.5848 -12.0496 2
      vertex 15.1979 -9.64488 2
    endloop
  endfacet
  facet normal 0 0 1
    outer loop
      vertex 16.5848 -12.0496 2
      vertex 14.5623 -10.5801 2
      vertex 15.7955 -13.0672 2
    endloop
  endfacet
  facet normal -0 0 1
    outer loop
      vertex 13.8692 -11.4736 2
      vertex 15.7955 -13.0672 2
      vertex 14.5623 -10.5801 2
    endloop
  endfacet
  facet normal 0 0 1
    outer loop
      vertex 15.7955 -13.0672 2
      vertex 13.8692 -11.4736 2
      vertex 14.9439 -14.0332 2
    endloop
  endfacet
  facet normal -0 0 1
    outer loop
      vertex 13.1214 -12.3218 2
      vertex 14.9439 -14.0332 2
      vertex 13.8692 -11.4736 2
    endloop
  endfacet
  facet normal 0 0 1
    outer loop
      vertex 14.9439 -14.0332 2
      vertex 13.1214 -12.3218 2
      vertex 14.0332 -14.9439 2
    endloop
  endfacet
  facet normal -0 0 1
    outer loop
      vertex 12.3218 -13.1214 2
      vertex 14.0332 -14.9439 2
      vertex 13.1214 -12.3218 2
    endloop
  endfacet
  facet normal 0 0 1
    outer loop
      vertex 14.0332 -14.9439 2
      vertex 12.3218 -13.1214 2
      vertex 13.0672 -15.7955 2
    endloop
  endfacet
  facet normal -0 0 1
    outer loop
      vertex 11.4736 -13.8692 2
      vertex 13.0672 -15.7955 2
      vertex 12.3218 -13.1214 2
    endloop
  endfacet
  facet normal 0 0 1
    outer loop
      vertex 13.0672 -15.7955 2
      vertex 11.4736 -13.8692 2
      vertex 12.0496 -16.5848 2
    endloop
  endfacet
  facet normal -0 0 1
    outer loop
      vertex 10.5801 -14.5623 2
      vertex 12.0496 -16.5848 2
      vertex 11.4736 -13.8692 2
    endloop
  endfacet
  facet normal 0 0 1
    outer loop
      vertex 12.0496 -16.5848 2
      vertex 10.5801 -14.5623 2
      vertex 10.9844 -17.3087 2
    endloop
  endfacet
  facet normal -0 0 1
    outer loop
      vertex 9.64488 -15.1979 2
      vertex 10.9844 -17.3087 2
      vertex 10.5801 -14.5623 2
    endloop
  endfacet
  facet normal 0 0 1
    outer loop
      vertex 10.9844 -17.3087 2
      vertex 9.64488 -15.1979 2
      vertex 9.87595 -17.9643 2
    endloop
  endfacet
  facet normal -0 0 1
    outer loop
      vertex 8.67157 -15.7735 2
      vertex 9.87595 -17.9643 2
      vertex 9.64488 -15.1979 2
    endloop
  endfacet
  facet normal 0 0 1
    outer loop
      vertex 9.87595 -17.9643 2
      vertex 8.67157 -15.7735 2
      vertex 8.72847 -18.549 2
    endloop
  endfacet
  facet normal -0 0 1
    outer loop
      vertex 7.66403 -16.2869 2
      vertex 8.72847 -18.549 2
      vertex 8.67157 -15.7735 2
    endloop
  endfacet
  facet normal 0 0 1
    outer loop
      vertex 7.66403 -16.2869 2
      vertex 7.54655 -19.0604 2
      vertex 8.72847 -18.549 2
    endloop
  endfacet
  facet normal -0 0 1
    outer loop
      vertex 6.62624 -16.736 2
      vertex 7.54655 -19.0604 2
      vertex 7.66403 -16.2869 2
    endloop
  endfacet
  facet normal 0 0 1
    outer loop
      vertex 6.62624 -16.736 2
      vertex 6.33485 -19.4967 2
      vertex 7.54655 -19.0604 2
    endloop
  endfacet
  facet normal -0 0 1
    outer loop
      vertex 5.56231 -17.119 2
      vertex 6.33485 -19.4967 2
      vertex 6.62624 -16.736 2
    endloop
  endfacet
  facet normal 0 0 1
    outer loop
      vertex 5.56231 -17.119 2
      vertex 5.09814 -19.856 2
      vertex 6.33485 -19.4967 2
    endloop
  endfacet
  facet normal -0 0 1
    outer loop
      vertex 4.47642 -17.4345 2
      vertex 5.09814 -19.856 2
      vertex 5.56231 -17.119 2
    endloop
  endfacet
  facet normal 0 0 1
    outer loop
      vertex 4.47642 -17.4345 2
      vertex 3.84132 -20.1369 2
      vertex 5.09814 -19.856 2
    endloop
  endfacet
  facet normal -0 0 1
    outer loop
      vertex 3.37286 -17.6812 2
      vertex 3.84132 -20.1369 2
      vertex 4.47642 -17.4345 2
    endloop
  endfacet
  facet normal 0 0 1
    outer loop
      vertex 3.37286 -17.6812 2
      vertex 2.56933 -20.3384 2
      vertex 3.84132 -20.1369 2
    endloop
  endfacet
  facet normal -0 0 1
    outer loop
      vertex 2.256 -17.8581 2
      vertex 2.56933 -20.3384 2
      vertex 3.37286 -17.6812 2
    endloop
  endfacet
  facet normal 0 0 1
    outer loop
      vertex 2.256 -17.8581 2
      vertex 1.2872 -20.4595 2
      vertex 2.56933 -20.3384 2
    endloop
  endfacet
  facet normal -0 0 1
    outer loop
      vertex 1.13023 -17.9645 2
      vertex 1.2872 -20.4595 2
      vertex 2.256 -17.8581 2
    endloop
  endfacet
  facet normal -0 0 1
    outer loop
      vertex 0 -18 2
      vertex 1.2872 -20.4595 2
      vertex 1.13023 -17.9645 2
    endloop
  endfacet
  facet normal 0 0 1
    outer loop
      vertex 0 -18 2
      vertex 0 -20.5 2
      vertex 1.2872 -20.4595 2
    endloop
  endfacet
  facet normal 0 0 1
    outer loop
      vertex -1.13023 -17.9645 2
      vertex 0 -20.5 2
      vertex 0 -18 2
    endloop
  endfacet
  facet normal 0 0 1
    outer loop
      vertex -1.13023 -17.9645 2
      vertex -1.2872 -20.4595 2
      vertex 0 -20.5 2
    endloop
  endfacet
  facet normal 0 0 1
    outer loop
      vertex -2.256 -17.8581 2
      vertex -1.2872 -20.4595 2
      vertex -1.13023 -17.9645 2
    endloop
  endfacet
  facet normal 0 0 1
    outer loop
      vertex -2.256 -17.8581 2
      vertex -2.56933 -20.3384 2
      vertex -1.2872 -20.4595 2
    endloop
  endfacet
  facet normal 0 0 1
    outer loop
      vertex -3.37286 -17.6812 2
      vertex -2.56933 -20.3384 2
      vertex -2.256 -17.8581 2
    endloop
  endfacet
  facet normal 0 0 1
    outer loop
      vertex -3.37286 -17.6812 2
      vertex -3.84132 -20.1369 2
      vertex -2.56933 -20.3384 2
    endloop
  endfacet
  facet normal 0 0 1
    outer loop
      vertex -4.47642 -17.4345 2
      vertex -3.84132 -20.1369 2
      vertex -3.37286 -17.6812 2
    endloop
  endfacet
  facet normal 0 0 1
    outer loop
      vertex -4.47642 -17.4345 2
      vertex -5.09814 -19.856 2
      vertex -3.84132 -20.1369 2
    endloop
  endfacet
  facet normal 0 0 1
    outer loop
      vertex -5.56231 -17.119 2
      vertex -5.09814 -19.856 2
      vertex -4.47642 -17.4345 2
    endloop
  endfacet
  facet normal 0 0 1
    outer loop
      vertex -5.56231 -17.119 2
      vertex -6.33485 -19.4967 2
      vertex -5.09814 -19.856 2
    endloop
  endfacet
  facet normal 0 0 1
    outer loop
      vertex -6.62624 -16.736 2
      vertex -6.33485 -19.4967 2
      vertex -5.56231 -17.119 2
    endloop
  endfacet
  facet normal 0 0 1
    outer loop
      vertex -6.62624 -16.736 2
      vertex -7.54655 -19.0604 2
      vertex -6.33485 -19.4967 2
    endloop
  endfacet
  facet normal 0 0 1
    outer loop
      vertex -7.66403 -16.2869 2
      vertex -7.54655 -19.0604 2
      vertex -6.62624 -16.736 2
    endloop
  endfacet
  facet normal 0 0 1
    outer loop
      vertex -8.72847 -18.549 2
      vertex -7.66403 -16.2869 2
      vertex -8.67157 -15.7735 2
    endloop
  endfacet
  facet normal 0 0 1
    outer loop
      vertex -7.66403 -16.2869 2
      vertex -8.72847 -18.549 2
      vertex -7.54655 -19.0604 2
    endloop
  endfacet
  facet normal 0 0 1
    outer loop
      vertex -9.87595 -17.9643 2
      vertex -8.67157 -15.7735 2
      vertex -9.64488 -15.1979 2
    endloop
  endfacet
  facet normal 0 0 1
    outer loop
      vertex -8.67157 -15.7735 2
      vertex -9.87595 -17.9643 2
      vertex -8.72847 -18.549 2
    endloop
  endfacet
  facet normal 0 0 1
    outer loop
      vertex -10.9844 -17.3087 2
      vertex -9.64488 -15.1979 2
      vertex -10.5801 -14.5623 2
    endloop
  endfacet
  facet normal 0 0 1
    outer loop
      vertex -9.64488 -15.1979 2
      vertex -10.9844 -17.3087 2
      vertex -9.87595 -17.9643 2
    endloop
  endfacet
  facet normal 0 0 1
    outer loop
      vertex -12.0496 -16.5848 2
      vertex -10.5801 -14.5623 2
      vertex -11.4736 -13.8692 2
    endloop
  endfacet
  facet normal 0 0 1
    outer loop
      vertex -10.5801 -14.5623 2
      vertex -12.0496 -16.5848 2
      vertex -10.9844 -17.3087 2
    endloop
  endfacet
  facet normal 0 0 1
    outer loop
      vertex -13.0672 -15.7955 2
      vertex -11.4736 -13.8692 2
      vertex -12.3218 -13.1214 2
    endloop
  endfacet
  facet normal 0 0 1
    outer loop
      vertex -11.4736 -13.8692 2
      vertex -13.0672 -15.7955 2
      vertex -12.0496 -16.5848 2
    endloop
  endfacet
  facet normal 0 0 1
    outer loop
      vertex -14.0332 -14.9439 2
      vertex -12.3218 -13.1214 2
      vertex -13.1214 -12.3218 2
    endloop
  endfacet
  facet normal 0 0 1
    outer loop
      vertex -14.9439 -14.0332 2
      vertex -13.1214 -12.3218 2
      vertex -13.8692 -11.4736 2
    endloop
  endfacet
  facet normal 0 0 1
    outer loop
      vertex -12.3218 -13.1214 2
      vertex -14.0332 -14.9439 2
      vertex -13.0672 -15.7955 2
    endloop
  endfacet
  facet normal 0 0 1
    outer loop
      vertex -15.7955 -13.0672 2
      vertex -13.8692 -11.4736 2
      vertex -14.5623 -10.5801 2
    endloop
  endfacet
  facet normal 0 0 1
    outer loop
      vertex -13.1214 -12.3218 2
      vertex -14.9439 -14.0332 2
      vertex -14.0332 -14.9439 2
    endloop
  endfacet
  facet normal 0 0 1
    outer loop
      vertex -16.5848 -12.0496 2
      vertex -14.5623 -10.5801 2
      vertex -15.1979 -9.64488 2
    endloop
  endfacet
  facet normal 0 0 1
    outer loop
      vertex -17.3087 -10.9844 2
      vertex -15.1979 -9.64488 2
      vertex -15.7735 -8.67157 2
    endloop
  endfacet
  facet normal 0 0 1
    outer loop
      vertex -13.8692 -11.4736 2
      vertex -15.7955 -13.0672 2
      vertex -14.9439 -14.0332 2
    endloop
  endfacet
  facet normal 0 0 1
    outer loop
      vertex -17.9643 -9.87595 2
      vertex -15.7735 -8.67157 2
      vertex -16.2869 -7.66403 2
    endloop
  endfacet
  facet normal 0 0 1
    outer loop
      vertex -14.5623 -10.5801 2
      vertex -16.5848 -12.0496 2
      vertex -15.7955 -13.0672 2
    endloop
  endfacet
  facet normal 0 0 1
    outer loop
      vertex -18.549 -8.72847 2
      vertex -16.2869 -7.66403 2
      vertex -16.736 -6.62624 2
    endloop
  endfacet
  facet normal 0 0 1
    outer loop
      vertex -19.0604 -7.54655 2
      vertex -16.736 -6.62624 2
      vertex -17.119 -5.56231 2
    endloop
  endfacet
  facet normal 0 0 1
    outer loop
      vertex -15.1979 -9.64488 2
      vertex -17.3087 -10.9844 2
      vertex -16.5848 -12.0496 2
    endloop
  endfacet
  facet normal 0 0 1
    outer loop
      vertex -19.4967 -6.33485 2
      vertex -17.119 -5.56231 2
      vertex -17.4345 -4.47642 2
    endloop
  endfacet
  facet normal 0 0 1
    outer loop
      vertex -19.856 -5.09814 2
      vertex -17.4345 -4.47642 2
      vertex -17.6812 -3.37286 2
    endloop
  endfacet
  facet normal 0 0 1
    outer loop
      vertex -20.1369 -3.84132 2
      vertex -17.6812 -3.37286 2
      vertex -17.8581 -2.256 2
    endloop
  endfacet
  facet normal 0 0 1
    outer loop
      vertex -15.7735 -8.67157 2
      vertex -17.9643 -9.87595 2
      vertex -17.3087 -10.9844 2
    endloop
  endfacet
  facet normal 0 0 1
    outer loop
      vertex -20.3384 -2.56933 2
      vertex -17.8581 -2.256 2
      vertex -17.9645 -1.13023 2
    endloop
  endfacet
  facet normal 0 0 1
    outer loop
      vertex -20.4595 -1.2872 2
      vertex -17.9645 -1.13023 2
      vertex -18 0 2
    endloop
  endfacet
  facet normal -0 0 1
    outer loop
      vertex -20.1369 3.84132 2
      vertex -17.6812 3.37286 2
      vertex -19.856 5.09814 2
    endloop
  endfacet
  facet normal 0 0 1
    outer loop
      vertex -16.2869 -7.66403 2
      vertex -18.549 -8.72847 2
      vertex -17.9643 -9.87595 2
    endloop
  endfacet
  facet normal 0 0 1
    outer loop
      vertex -17.6812 3.37286 2
      vertex -20.1369 3.84132 2
      vertex -17.8581 2.256 2
    endloop
  endfacet
  facet normal 0 0 1
    outer loop
      vertex -16.736 -6.62624 2
      vertex -19.0604 -7.54655 2
      vertex -18.549 -8.72847 2
    endloop
  endfacet
  facet normal -0 0 1
    outer loop
      vertex -20.3384 2.56933 2
      vertex -17.8581 2.256 2
      vertex -20.1369 3.84132 2
    endloop
  endfacet
  facet normal 0 0 1
    outer loop
      vertex -17.119 -5.56231 2
      vertex -19.4967 -6.33485 2
      vertex -19.0604 -7.54655 2
    endloop
  endfacet
  facet normal 0 0 1
    outer loop
      vertex -17.8581 2.256 2
      vertex -20.3384 2.56933 2
      vertex -17.9645 1.13023 2
    endloop
  endfacet
  facet normal 0 0 1
    outer loop
      vertex -17.4345 -4.47642 2
      vertex -19.856 -5.09814 2
      vertex -19.4967 -6.33485 2
    endloop
  endfacet
  facet normal -0 0 1
    outer loop
      vertex -20.4595 1.2872 2
      vertex -17.9645 1.13023 2
      vertex -20.3384 2.56933 2
    endloop
  endfacet
  facet normal 0 0 1
    outer loop
      vertex -17.6812 -3.37286 2
      vertex -20.1369 -3.84132 2
      vertex -19.856 -5.09814 2
    endloop
  endfacet
  facet normal 0 0 1
    outer loop
      vertex -17.9645 1.13023 2
      vertex -20.4595 1.2872 2
      vertex -18 0 2
    endloop
  endfacet
  facet normal 0 0 1
    outer loop
      vertex -17.8581 -2.256 2
      vertex -20.3384 -2.56933 2
      vertex -20.1369 -3.84132 2
    endloop
  endfacet
  facet normal 0 0 1
    outer loop
      vertex -20.5 0 2
      vertex -18 0 2
      vertex -20.4595 1.2872 2
    endloop
  endfacet
  facet normal 0 0 1
    outer loop
      vertex -17.9645 -1.13023 2
      vertex -20.4595 -1.2872 2
      vertex -20.3384 -2.56933 2
    endloop
  endfacet
  facet normal 0 0 1
    outer loop
      vertex -18 0 2
      vertex -20.5 0 2
      vertex -20.4595 -1.2872 2
    endloop
  endfacet
  facet normal 0.940866 -0.33878 0
    outer loop
      vertex -19.4967 6.33485 3
      vertex -19.0604 7.54655 2
      vertex -19.0604 7.54655 3
    endloop
  endfacet
  facet normal 0.940866 -0.33878 0
    outer loop
      vertex -19.0604 7.54655 2
      vertex -19.4967 6.33485 3
      vertex -19.4967 6.33485 2
    endloop
  endfacet
  facet normal 0.995569 0.0940337 0
    outer loop
      vertex -20.3384 -2.56933 3
      vertex -20.4595 -1.2872 2
      vertex -20.4595 -1.2872 3
    endloop
  endfacet
  facet normal 0.995569 0.0940337 0
    outer loop
      vertex -20.4595 -1.2872 2
      vertex -20.3384 -2.56933 3
      vertex -20.3384 -2.56933 2
    endloop
  endfacet
  facet normal -0.612892 0.790167 0
    outer loop
      vertex 13.0672 -15.7955 2
      vertex 12.0496 -16.5848 3
      vertex 13.0672 -15.7955 3
    endloop
  endfacet
  facet normal -0.612892 0.790167 0
    outer loop
      vertex 12.0496 -16.5848 3
      vertex 13.0672 -15.7955 2
      vertex 12.0496 -16.5848 2
    endloop
  endfacet
  facet normal -0.827084 -0.562079 0
    outer loop
      vertex 17.3087 10.9844 2
      vertex 16.5848 12.0496 3
      vertex 16.5848 12.0496 2
    endloop
  endfacet
  facet normal -0.827084 -0.562079 0
    outer loop
      vertex 16.5848 12.0496 3
      vertex 17.3087 10.9844 2
      vertex 17.3087 10.9844 3
    endloop
  endfacet
  facet normal 0.33878 -0.940866 0
    outer loop
      vertex -7.54655 19.0604 2
      vertex -6.33485 19.4967 3
      vertex -7.54655 19.0604 3
    endloop
  endfacet
  facet normal 0.33878 -0.940866 0
    outer loop
      vertex -6.33485 19.4967 3
      vertex -7.54655 19.0604 2
      vertex -6.33485 19.4967 2
    endloop
  endfacet
  facet normal -0.509079 -0.86072 0
    outer loop
      vertex 9.87595 17.9643 2
      vertex 10.9844 17.3087 3
      vertex 9.87595 17.9643 3
    endloop
  endfacet
  facet normal -0.509079 -0.86072 -0
    outer loop
      vertex 10.9844 17.3087 3
      vertex 9.87595 17.9643 2
      vertex 10.9844 17.3087 2
    endloop
  endfacet
  facet normal 0.917772 -0.397107 0
    outer loop
      vertex -19.0604 7.54655 3
      vertex -18.549 8.72847 2
      vertex -18.549 8.72847 3
    endloop
  endfacet
  facet normal 0.917772 -0.397107 0
    outer loop
      vertex -18.549 8.72847 2
      vertex -19.0604 7.54655 3
      vertex -19.0604 7.54655 2
    endloop
  endfacet
  facet normal -0.940866 -0.33878 0
    outer loop
      vertex 19.4967 6.33485 2
      vertex 19.0604 7.54655 3
      vertex 19.0604 7.54655 2
    endloop
  endfacet
  facet normal -0.940866 -0.33878 0
    outer loop
      vertex 19.0604 7.54655 3
      vertex 19.4967 6.33485 2
      vertex 19.4967 6.33485 3
    endloop
  endfacet
  facet normal 0.707107 0.707107 0
    outer loop
      vertex -14.0332 -14.9439 3
      vertex -14.9439 -14.0332 2
      vertex -14.9439 -14.0332 3
    endloop
  endfacet
  facet normal 0.707107 0.707107 0
    outer loop
      vertex -14.9439 -14.0332 2
      vertex -14.0332 -14.9439 3
      vertex -14.0332 -14.9439 2
    endloop
  endfacet
  facet normal 0.827084 0.562079 0
    outer loop
      vertex -16.5848 -12.0496 3
      vertex -17.3087 -10.9844 2
      vertex -17.3087 -10.9844 3
    endloop
  endfacet
  facet normal 0.827084 0.562079 0
    outer loop
      vertex -17.3087 -10.9844 2
      vertex -16.5848 -12.0496 3
      vertex -16.5848 -12.0496 2
    endloop
  endfacet
  facet normal -0.960293 0.278993 0
    outer loop
      vertex 19.4967 -6.33485 2
      vertex 19.856 -5.09814 3
      vertex 19.856 -5.09814 2
    endloop
  endfacet
  facet normal -0.960293 0.278993 0
    outer loop
      vertex 19.856 -5.09814 3
      vertex 19.4967 -6.33485 2
      vertex 19.4967 -6.33485 3
    endloop
  endfacet
  facet normal 0.156462 0.987684 -0
    outer loop
      vertex -2.56933 -20.3384 2
      vertex -3.84132 -20.1369 3
      vertex -2.56933 -20.3384 3
    endloop
  endfacet
  facet normal 0.156462 0.987684 0
    outer loop
      vertex -3.84132 -20.1369 3
      vertex -2.56933 -20.3384 2
      vertex -3.84132 -20.1369 2
    endloop
  endfacet
  facet normal 0.750128 0.661293 0
    outer loop
      vertex -14.9439 -14.0332 3
      vertex -15.7955 -13.0672 2
      vertex -15.7955 -13.0672 3
    endloop
  endfacet
  facet normal 0.750128 0.661293 0
    outer loop
      vertex -15.7955 -13.0672 2
      vertex -14.9439 -14.0332 3
      vertex -14.9439 -14.0332 2
    endloop
  endfacet
  facet normal -0.156462 -0.987684 0
    outer loop
      vertex 2.56933 20.3384 2
      vertex 3.84132 20.1369 3
      vertex 2.56933 20.3384 3
    endloop
  endfacet
  facet normal -0.156462 -0.987684 -0
    outer loop
      vertex 3.84132 20.1369 3
      vertex 2.56933 20.3384 2
      vertex 3.84132 20.1369 2
    endloop
  endfacet
  facet normal -0.33878 -0.940866 0
    outer loop
      vertex 6.33485 19.4967 2
      vertex 7.54655 19.0604 3
      vertex 6.33485 19.4967 3
    endloop
  endfacet
  facet normal -0.33878 -0.940866 -0
    outer loop
      vertex 7.54655 19.0604 3
      vertex 6.33485 19.4967 2
      vertex 7.54655 19.0604 2
    endloop
  endfacet
  facet normal 0.86072 0.509079 0
    outer loop
      vertex -17.3087 -10.9844 3
      vertex -17.9643 -9.87595 2
      vertex -17.9643 -9.87595 3
    endloop
  endfacet
  facet normal 0.86072 0.509079 0
    outer loop
      vertex -17.9643 -9.87595 2
      vertex -17.3087 -10.9844 3
      vertex -17.3087 -10.9844 2
    endloop
  endfacet
  facet normal 0.827084 -0.562079 0
    outer loop
      vertex -17.3087 10.9844 3
      vertex -16.5848 12.0496 2
      vertex -16.5848 12.0496 3
    endloop
  endfacet
  facet normal 0.827084 -0.562079 0
    outer loop
      vertex -16.5848 12.0496 2
      vertex -17.3087 10.9844 3
      vertex -17.3087 10.9844 2
    endloop
  endfacet
  facet normal -0.987684 -0.156462 0
    outer loop
      vertex 20.3384 2.56933 2
      vertex 20.1369 3.84132 3
      vertex 20.1369 3.84132 2
    endloop
  endfacet
  facet normal -0.987684 -0.156462 0
    outer loop
      vertex 20.1369 3.84132 3
      vertex 20.3384 2.56933 2
      vertex 20.3384 2.56933 3
    endloop
  endfacet
  facet normal 0.661293 0.750128 -0
    outer loop
      vertex -13.0672 -15.7955 2
      vertex -14.0332 -14.9439 3
      vertex -13.0672 -15.7955 3
    endloop
  endfacet
  facet normal 0.661293 0.750128 0
    outer loop
      vertex -14.0332 -14.9439 3
      vertex -13.0672 -15.7955 2
      vertex -14.0332 -14.9439 2
    endloop
  endfacet
  facet normal 0.156462 -0.987684 0
    outer loop
      vertex -3.84132 20.1369 2
      vertex -2.56933 20.3384 3
      vertex -3.84132 20.1369 3
    endloop
  endfacet
  facet normal 0.156462 -0.987684 0
    outer loop
      vertex -2.56933 20.3384 3
      vertex -3.84132 20.1369 2
      vertex -2.56933 20.3384 2
    endloop
  endfacet
  facet normal -0.987684 0.156462 0
    outer loop
      vertex 20.1369 -3.84132 2
      vertex 20.3384 -2.56933 3
      vertex 20.3384 -2.56933 2
    endloop
  endfacet
  facet normal -0.987684 0.156462 0
    outer loop
      vertex 20.3384 -2.56933 3
      vertex 20.1369 -3.84132 2
      vertex 20.1369 -3.84132 3
    endloop
  endfacet
  facet normal -0.995569 0.0940337 0
    outer loop
      vertex 20.3384 -2.56933 2
      vertex 20.4595 -1.2872 3
      vertex 20.4595 -1.2872 2
    endloop
  endfacet
  facet normal -0.995569 0.0940337 0
    outer loop
      vertex 20.4595 -1.2872 3
      vertex 20.3384 -2.56933 2
      vertex 20.3384 -2.56933 3
    endloop
  endfacet
  facet normal -0.960293 -0.278993 0
    outer loop
      vertex 19.856 5.09814 2
      vertex 19.4967 6.33485 3
      vertex 19.4967 6.33485 2
    endloop
  endfacet
  facet normal -0.960293 -0.278993 0
    outer loop
      vertex 19.4967 6.33485 3
      vertex 19.856 5.09814 2
      vertex 19.856 5.09814 3
    endloop
  endfacet
  facet normal -0.917772 -0.397107 0
    outer loop
      vertex 19.0604 7.54655 2
      vertex 18.549 8.72847 3
      vertex 18.549 8.72847 2
    endloop
  endfacet
  facet normal -0.917772 -0.397107 0
    outer loop
      vertex 18.549 8.72847 3
      vertex 19.0604 7.54655 2
      vertex 19.0604 7.54655 3
    endloop
  endfacet
  facet normal -0.0314481 0.999505 0
    outer loop
      vertex 1.2872 -20.4595 2
      vertex 0 -20.5 3
      vertex 1.2872 -20.4595 3
    endloop
  endfacet
  facet normal -0.0314481 0.999505 0
    outer loop
      vertex 0 -20.5 3
      vertex 1.2872 -20.4595 2
      vertex 0 -20.5 2
    endloop
  endfacet
  facet normal -0.940866 0.33878 0
    outer loop
      vertex 19.0604 -7.54655 2
      vertex 19.4967 -6.33485 3
      vertex 19.4967 -6.33485 2
    endloop
  endfacet
  facet normal -0.940866 0.33878 0
    outer loop
      vertex 19.4967 -6.33485 3
      vertex 19.0604 -7.54655 2
      vertex 19.0604 -7.54655 3
    endloop
  endfacet
  facet normal 0.987684 0.156462 0
    outer loop
      vertex -20.1369 -3.84132 3
      vertex -20.3384 -2.56933 2
      vertex -20.3384 -2.56933 3
    endloop
  endfacet
  facet normal 0.987684 0.156462 0
    outer loop
      vertex -20.3384 -2.56933 2
      vertex -20.1369 -3.84132 3
      vertex -20.1369 -3.84132 2
    endloop
  endfacet
  facet normal -0.890997 -0.454009 0
    outer loop
      vertex 18.549 8.72847 2
      vertex 17.9643 9.87595 3
      vertex 17.9643 9.87595 2
    endloop
  endfacet
  facet normal -0.890997 -0.454009 0
    outer loop
      vertex 17.9643 9.87595 3
      vertex 18.549 8.72847 2
      vertex 18.549 8.72847 3
    endloop
  endfacet
  facet normal 0.218119 -0.975922 0
    outer loop
      vertex -5.09814 19.856 2
      vertex -3.84132 20.1369 3
      vertex -5.09814 19.856 3
    endloop
  endfacet
  facet normal 0.218119 -0.975922 0
    outer loop
      vertex -3.84132 20.1369 3
      vertex -5.09814 19.856 2
      vertex -3.84132 20.1369 2
    endloop
  endfacet
  facet normal 0.987684 -0.156462 0
    outer loop
      vertex -20.3384 2.56933 3
      vertex -20.1369 3.84132 2
      vertex -20.1369 3.84132 3
    endloop
  endfacet
  facet normal 0.987684 -0.156462 0
    outer loop
      vertex -20.1369 3.84132 2
      vertex -20.3384 2.56933 3
      vertex -20.3384 2.56933 2
    endloop
  endfacet
  facet normal -0.750128 0.661293 0
    outer loop
      vertex 14.9439 -14.0332 2
      vertex 15.7955 -13.0672 3
      vertex 15.7955 -13.0672 2
    endloop
  endfacet
  facet normal -0.750128 0.661293 0
    outer loop
      vertex 15.7955 -13.0672 3
      vertex 14.9439 -14.0332 2
      vertex 14.9439 -14.0332 3
    endloop
  endfacet
  facet normal 0.509079 -0.86072 0
    outer loop
      vertex -10.9844 17.3087 2
      vertex -9.87595 17.9643 3
      vertex -10.9844 17.3087 3
    endloop
  endfacet
  facet normal 0.509079 -0.86072 0
    outer loop
      vertex -9.87595 17.9643 3
      vertex -10.9844 17.3087 2
      vertex -9.87595 17.9643 2
    endloop
  endfacet
  facet normal 0.975922 -0.218119 0
    outer loop
      vertex -20.1369 3.84132 3
      vertex -19.856 5.09814 2
      vertex -19.856 5.09814 3
    endloop
  endfacet
  facet normal 0.975922 -0.218119 0
    outer loop
      vertex -19.856 5.09814 2
      vertex -20.1369 3.84132 3
      vertex -20.1369 3.84132 2
    endloop
  endfacet
  facet normal -0.707107 -0.707107 0
    outer loop
      vertex 14.9439 14.0332 2
      vertex 14.0332 14.9439 3
      vertex 14.0332 14.9439 2
    endloop
  endfacet
  facet normal -0.707107 -0.707107 0
    outer loop
      vertex 14.0332 14.9439 3
      vertex 14.9439 14.0332 2
      vertex 14.9439 14.0332 3
    endloop
  endfacet
  facet normal -0.790167 -0.612892 0
    outer loop
      vertex 16.5848 12.0496 2
      vertex 15.7955 13.0672 3
      vertex 15.7955 13.0672 2
    endloop
  endfacet
  facet normal -0.790167 -0.612892 0
    outer loop
      vertex 15.7955 13.0672 3
      vertex 16.5848 12.0496 2
      vertex 16.5848 12.0496 3
    endloop
  endfacet
  facet normal 0.975922 0.218119 0
    outer loop
      vertex -19.856 -5.09814 3
      vertex -20.1369 -3.84132 2
      vertex -20.1369 -3.84132 3
    endloop
  endfacet
  facet normal 0.975922 0.218119 0
    outer loop
      vertex -20.1369 -3.84132 2
      vertex -19.856 -5.09814 3
      vertex -19.856 -5.09814 2
    endloop
  endfacet
  facet normal -0.509079 0.86072 0
    outer loop
      vertex 10.9844 -17.3087 2
      vertex 9.87595 -17.9643 3
      vertex 10.9844 -17.3087 3
    endloop
  endfacet
  facet normal -0.509079 0.86072 0
    outer loop
      vertex 9.87595 -17.9643 3
      vertex 10.9844 -17.3087 2
      vertex 9.87595 -17.9643 2
    endloop
  endfacet
  facet normal -0.562079 -0.827084 0
    outer loop
      vertex 10.9844 17.3087 2
      vertex 12.0496 16.5848 3
      vertex 10.9844 17.3087 3
    endloop
  endfacet
  facet normal -0.562079 -0.827084 -0
    outer loop
      vertex 12.0496 16.5848 3
      vertex 10.9844 17.3087 2
      vertex 12.0496 16.5848 2
    endloop
  endfacet
  facet normal -0.397107 -0.917772 0
    outer loop
      vertex 7.54655 19.0604 2
      vertex 8.72847 18.549 3
      vertex 7.54655 19.0604 3
    endloop
  endfacet
  facet normal -0.397107 -0.917772 -0
    outer loop
      vertex 8.72847 18.549 3
      vertex 7.54655 19.0604 2
      vertex 8.72847 18.549 2
    endloop
  endfacet
  facet normal 0.790167 -0.612892 0
    outer loop
      vertex -16.5848 12.0496 3
      vertex -15.7955 13.0672 2
      vertex -15.7955 13.0672 3
    endloop
  endfacet
  facet normal 0.790167 -0.612892 0
    outer loop
      vertex -15.7955 13.0672 2
      vertex -16.5848 12.0496 3
      vertex -16.5848 12.0496 2
    endloop
  endfacet
  facet normal 0.707107 -0.707107 0
    outer loop
      vertex -14.9439 14.0332 3
      vertex -14.0332 14.9439 2
      vertex -14.0332 14.9439 3
    endloop
  endfacet
  facet normal 0.707107 -0.707107 0
    outer loop
      vertex -14.0332 14.9439 2
      vertex -14.9439 14.0332 3
      vertex -14.9439 14.0332 2
    endloop
  endfacet
  facet normal -0.917772 0.397107 0
    outer loop
      vertex 18.549 -8.72847 2
      vertex 19.0604 -7.54655 3
      vertex 19.0604 -7.54655 2
    endloop
  endfacet
  facet normal -0.917772 0.397107 0
    outer loop
      vertex 19.0604 -7.54655 3
      vertex 18.549 -8.72847 2
      vertex 18.549 -8.72847 3
    endloop
  endfacet
  facet normal -0.454009 -0.890997 0
    outer loop
      vertex 8.72847 18.549 2
      vertex 9.87595 17.9643 3
      vertex 8.72847 18.549 3
    endloop
  endfacet
  facet normal -0.454009 -0.890997 -0
    outer loop
      vertex 9.87595 17.9643 3
      vertex 8.72847 18.549 2
      vertex 9.87595 17.9643 2
    endloop
  endfacet
  facet normal 0.999505 -0.0314481 0
    outer loop
      vertex -20.5 0 3
      vertex -20.4595 1.2872 2
      vertex -20.4595 1.2872 3
    endloop
  endfacet
  facet normal 0.999505 -0.0314481 0
    outer loop
      vertex -20.4595 1.2872 2
      vertex -20.5 0 3
      vertex -20.5 0 2
    endloop
  endfacet
  facet normal 0.562079 0.827084 -0
    outer loop
      vertex -10.9844 -17.3087 2
      vertex -12.0496 -16.5848 3
      vertex -10.9844 -17.3087 3
    endloop
  endfacet
  facet normal 0.562079 0.827084 0
    outer loop
      vertex -12.0496 -16.5848 3
      vertex -10.9844 -17.3087 2
      vertex -12.0496 -16.5848 2
    endloop
  endfacet
  facet normal 0.0940337 -0.995569 0
    outer loop
      vertex -2.56933 20.3384 2
      vertex -1.2872 20.4595 3
      vertex -2.56933 20.3384 3
    endloop
  endfacet
  facet normal 0.0940337 -0.995569 0
    outer loop
      vertex -1.2872 20.4595 3
      vertex -2.56933 20.3384 2
      vertex -1.2872 20.4595 2
    endloop
  endfacet
  facet normal -0.86072 -0.509079 0
    outer loop
      vertex 17.9643 9.87595 2
      vertex 17.3087 10.9844 3
      vertex 17.3087 10.9844 2
    endloop
  endfacet
  facet normal -0.86072 -0.509079 0
    outer loop
      vertex 17.3087 10.9844 3
      vertex 17.9643 9.87595 2
      vertex 17.9643 9.87595 3
    endloop
  endfacet
  facet normal -0.975922 -0.218119 0
    outer loop
      vertex 20.1369 3.84132 2
      vertex 19.856 5.09814 3
      vertex 19.856 5.09814 2
    endloop
  endfacet
  facet normal -0.975922 -0.218119 0
    outer loop
      vertex 19.856 5.09814 3
      vertex 20.1369 3.84132 2
      vertex 20.1369 3.84132 3
    endloop
  endfacet
  facet normal 0.278993 -0.960293 0
    outer loop
      vertex -6.33485 19.4967 2
      vertex -5.09814 19.856 3
      vertex -6.33485 19.4967 3
    endloop
  endfacet
  facet normal 0.278993 -0.960293 0
    outer loop
      vertex -5.09814 19.856 3
      vertex -6.33485 19.4967 2
      vertex -5.09814 19.856 2
    endloop
  endfacet
  facet normal -0.86072 0.509079 0
    outer loop
      vertex 17.3087 -10.9844 2
      vertex 17.9643 -9.87595 3
      vertex 17.9643 -9.87595 2
    endloop
  endfacet
  facet normal -0.86072 0.509079 0
    outer loop
      vertex 17.9643 -9.87595 3
      vertex 17.3087 -10.9844 2
      vertex 17.3087 -10.9844 3
    endloop
  endfacet
  facet normal -0.562079 0.827084 0
    outer loop
      vertex 12.0496 -16.5848 2
      vertex 10.9844 -17.3087 3
      vertex 12.0496 -16.5848 3
    endloop
  endfacet
  facet normal -0.562079 0.827084 0
    outer loop
      vertex 10.9844 -17.3087 3
      vertex 12.0496 -16.5848 2
      vertex 10.9844 -17.3087 2
    endloop
  endfacet
  facet normal 0.33878 0.940866 -0
    outer loop
      vertex -6.33485 -19.4967 2
      vertex -7.54655 -19.0604 3
      vertex -6.33485 -19.4967 3
    endloop
  endfacet
  facet normal 0.33878 0.940866 0
    outer loop
      vertex -7.54655 -19.0604 3
      vertex -6.33485 -19.4967 2
      vertex -7.54655 -19.0604 2
    endloop
  endfacet
  facet normal 0.509079 0.86072 -0
    outer loop
      vertex -9.87595 -17.9643 2
      vertex -10.9844 -17.3087 3
      vertex -9.87595 -17.9643 3
    endloop
  endfacet
  facet normal 0.509079 0.86072 0
    outer loop
      vertex -10.9844 -17.3087 3
      vertex -9.87595 -17.9643 2
      vertex -10.9844 -17.3087 2
    endloop
  endfacet
  facet normal -0.750128 -0.661293 0
    outer loop
      vertex 15.7955 13.0672 2
      vertex 14.9439 14.0332 3
      vertex 14.9439 14.0332 2
    endloop
  endfacet
  facet normal -0.750128 -0.661293 0
    outer loop
      vertex 14.9439 14.0332 3
      vertex 15.7955 13.0672 2
      vertex 15.7955 13.0672 3
    endloop
  endfacet
  facet normal -0.218119 0.975922 0
    outer loop
      vertex 5.09814 -19.856 2
      vertex 3.84132 -20.1369 3
      vertex 5.09814 -19.856 3
    endloop
  endfacet
  facet normal -0.218119 0.975922 0
    outer loop
      vertex 3.84132 -20.1369 3
      vertex 5.09814 -19.856 2
      vertex 3.84132 -20.1369 2
    endloop
  endfacet
  facet normal 0.0314481 -0.999505 0
    outer loop
      vertex -1.2872 20.4595 2
      vertex 0 20.5 3
      vertex -1.2872 20.4595 3
    endloop
  endfacet
  facet normal 0.0314481 -0.999505 0
    outer loop
      vertex 0 20.5 3
      vertex -1.2872 20.4595 2
      vertex 0 20.5 2
    endloop
  endfacet
  facet normal 0.999505 0.0314481 0
    outer loop
      vertex -20.4595 -1.2872 3
      vertex -20.5 0 2
      vertex -20.5 0 3
    endloop
  endfacet
  facet normal 0.999505 0.0314481 0
    outer loop
      vertex -20.5 0 2
      vertex -20.4595 -1.2872 3
      vertex -20.4595 -1.2872 2
    endloop
  endfacet
  facet normal -0.707107 0.707107 0
    outer loop
      vertex 14.0332 -14.9439 2
      vertex 14.9439 -14.0332 3
      vertex 14.9439 -14.0332 2
    endloop
  endfacet
  facet normal -0.707107 0.707107 0
    outer loop
      vertex 14.9439 -14.0332 3
      vertex 14.0332 -14.9439 2
      vertex 14.0332 -14.9439 3
    endloop
  endfacet
  facet normal -0.827084 0.562079 0
    outer loop
      vertex 16.5848 -12.0496 2
      vertex 17.3087 -10.9844 3
      vertex 17.3087 -10.9844 2
    endloop
  endfacet
  facet normal -0.827084 0.562079 0
    outer loop
      vertex 17.3087 -10.9844 3
      vertex 16.5848 -12.0496 2
      vertex 16.5848 -12.0496 3
    endloop
  endfacet
  facet normal 0.454009 -0.890997 0
    outer loop
      vertex -9.87595 17.9643 2
      vertex -8.72847 18.549 3
      vertex -9.87595 17.9643 3
    endloop
  endfacet
  facet normal 0.454009 -0.890997 0
    outer loop
      vertex -8.72847 18.549 3
      vertex -9.87595 17.9643 2
      vertex -8.72847 18.549 2
    endloop
  endfacet
  facet normal -0.33878 0.940866 0
    outer loop
      vertex 7.54655 -19.0604 2
      vertex 6.33485 -19.4967 3
      vertex 7.54655 -19.0604 3
    endloop
  endfacet
  facet normal -0.33878 0.940866 0
    outer loop
      vertex 6.33485 -19.4967 3
      vertex 7.54655 -19.0604 2
      vertex 6.33485 -19.4967 2
    endloop
  endfacet
  facet normal 0.397107 -0.917772 0
    outer loop
      vertex -8.72847 18.549 2
      vertex -7.54655 19.0604 3
      vertex -8.72847 18.549 3
    endloop
  endfacet
  facet normal 0.397107 -0.917772 0
    outer loop
      vertex -7.54655 19.0604 3
      vertex -8.72847 18.549 2
      vertex -7.54655 19.0604 2
    endloop
  endfacet
  facet normal 0.454009 0.890997 -0
    outer loop
      vertex -8.72847 -18.549 2
      vertex -9.87595 -17.9643 3
      vertex -8.72847 -18.549 3
    endloop
  endfacet
  facet normal 0.454009 0.890997 0
    outer loop
      vertex -9.87595 -17.9643 3
      vertex -8.72847 -18.549 2
      vertex -9.87595 -17.9643 2
    endloop
  endfacet
  facet normal -0.0940337 -0.995569 0
    outer loop
      vertex 1.2872 20.4595 2
      vertex 2.56933 20.3384 3
      vertex 1.2872 20.4595 3
    endloop
  endfacet
  facet normal -0.0940337 -0.995569 -0
    outer loop
      vertex 2.56933 20.3384 3
      vertex 1.2872 20.4595 2
      vertex 2.56933 20.3384 2
    endloop
  endfacet
  facet normal 0.790167 0.612892 0
    outer loop
      vertex -15.7955 -13.0672 3
      vertex -16.5848 -12.0496 2
      vertex -16.5848 -12.0496 3
    endloop
  endfacet
  facet normal 0.790167 0.612892 0
    outer loop
      vertex -16.5848 -12.0496 2
      vertex -15.7955 -13.0672 3
      vertex -15.7955 -13.0672 2
    endloop
  endfacet
  facet normal -0.0314481 -0.999505 0
    outer loop
      vertex 0 20.5 2
      vertex 1.2872 20.4595 3
      vertex 0 20.5 3
    endloop
  endfacet
  facet normal -0.0314481 -0.999505 -0
    outer loop
      vertex 1.2872 20.4595 3
      vertex 0 20.5 2
      vertex 1.2872 20.4595 2
    endloop
  endfacet
  facet normal -0.661293 0.750128 0
    outer loop
      vertex 14.0332 -14.9439 2
      vertex 13.0672 -15.7955 3
      vertex 14.0332 -14.9439 3
    endloop
  endfacet
  facet normal -0.661293 0.750128 0
    outer loop
      vertex 13.0672 -15.7955 3
      vertex 14.0332 -14.9439 2
      vertex 13.0672 -15.7955 2
    endloop
  endfacet
  facet normal 0.960293 -0.278993 0
    outer loop
      vertex -19.856 5.09814 3
      vertex -19.4967 6.33485 2
      vertex -19.4967 6.33485 3
    endloop
  endfacet
  facet normal 0.960293 -0.278993 0
    outer loop
      vertex -19.4967 6.33485 2
      vertex -19.856 5.09814 3
      vertex -19.856 5.09814 2
    endloop
  endfacet
  facet normal 0.890997 0.454009 0
    outer loop
      vertex -17.9643 -9.87595 3
      vertex -18.549 -8.72847 2
      vertex -18.549 -8.72847 3
    endloop
  endfacet
  facet normal 0.890997 0.454009 0
    outer loop
      vertex -18.549 -8.72847 2
      vertex -17.9643 -9.87595 3
      vertex -17.9643 -9.87595 2
    endloop
  endfacet
  facet normal 0.750128 -0.661293 0
    outer loop
      vertex -15.7955 13.0672 3
      vertex -14.9439 14.0332 2
      vertex -14.9439 14.0332 3
    endloop
  endfacet
  facet normal 0.750128 -0.661293 0
    outer loop
      vertex -14.9439 14.0332 2
      vertex -15.7955 13.0672 3
      vertex -15.7955 13.0672 2
    endloop
  endfacet
  facet normal 0.612892 -0.790167 0
    outer loop
      vertex -13.0672 15.7955 2
      vertex -12.0496 16.5848 3
      vertex -13.0672 15.7955 3
    endloop
  endfacet
  facet normal 0.612892 -0.790167 0
    outer loop
      vertex -12.0496 16.5848 3
      vertex -13.0672 15.7955 2
      vertex -12.0496 16.5848 2
    endloop
  endfacet
  facet normal 0.562079 -0.827084 0
    outer loop
      vertex -12.0496 16.5848 2
      vertex -10.9844 17.3087 3
      vertex -12.0496 16.5848 3
    endloop
  endfacet
  facet normal 0.562079 -0.827084 0
    outer loop
      vertex -10.9844 17.3087 3
      vertex -12.0496 16.5848 2
      vertex -10.9844 17.3087 2
    endloop
  endfacet
  facet normal 0.0940337 0.995569 -0
    outer loop
      vertex -1.2872 -20.4595 2
      vertex -2.56933 -20.3384 3
      vertex -1.2872 -20.4595 3
    endloop
  endfacet
  facet normal 0.0940337 0.995569 0
    outer loop
      vertex -2.56933 -20.3384 3
      vertex -1.2872 -20.4595 2
      vertex -2.56933 -20.3384 2
    endloop
  endfacet
  facet normal 0.278993 0.960293 -0
    outer loop
      vertex -5.09814 -19.856 2
      vertex -6.33485 -19.4967 3
      vertex -5.09814 -19.856 3
    endloop
  endfacet
  facet normal 0.278993 0.960293 0
    outer loop
      vertex -6.33485 -19.4967 3
      vertex -5.09814 -19.856 2
      vertex -6.33485 -19.4967 2
    endloop
  endfacet
  facet normal -0.397107 0.917772 0
    outer loop
      vertex 8.72847 -18.549 2
      vertex 7.54655 -19.0604 3
      vertex 8.72847 -18.549 3
    endloop
  endfacet
  facet normal -0.397107 0.917772 0
    outer loop
      vertex 7.54655 -19.0604 3
      vertex 8.72847 -18.549 2
      vertex 7.54655 -19.0604 2
    endloop
  endfacet
  facet normal 0.995569 -0.0940337 0
    outer loop
      vertex -20.4595 1.2872 3
      vertex -20.3384 2.56933 2
      vertex -20.3384 2.56933 3
    endloop
  endfacet
  facet normal 0.995569 -0.0940337 0
    outer loop
      vertex -20.3384 2.56933 2
      vertex -20.4595 1.2872 3
      vertex -20.4595 1.2872 2
    endloop
  endfacet
  facet normal 0.397107 0.917772 -0
    outer loop
      vertex -7.54655 -19.0604 2
      vertex -8.72847 -18.549 3
      vertex -7.54655 -19.0604 3
    endloop
  endfacet
  facet normal 0.397107 0.917772 0
    outer loop
      vertex -8.72847 -18.549 3
      vertex -7.54655 -19.0604 2
      vertex -8.72847 -18.549 2
    endloop
  endfacet
  facet normal 0.890997 -0.454009 0
    outer loop
      vertex -18.549 8.72847 3
      vertex -17.9643 9.87595 2
      vertex -17.9643 9.87595 3
    endloop
  endfacet
  facet normal 0.890997 -0.454009 0
    outer loop
      vertex -17.9643 9.87595 2
      vertex -18.549 8.72847 3
      vertex -18.549 8.72847 2
    endloop
  endfacet
  facet normal -0.218119 -0.975922 0
    outer loop
      vertex 3.84132 20.1369 2
      vertex 5.09814 19.856 3
      vertex 3.84132 20.1369 3
    endloop
  endfacet
  facet normal -0.218119 -0.975922 -0
    outer loop
      vertex 5.09814 19.856 3
      vertex 3.84132 20.1369 2
      vertex 5.09814 19.856 2
    endloop
  endfacet
  facet normal 0.86072 -0.509079 0
    outer loop
      vertex -17.9643 9.87595 3
      vertex -17.3087 10.9844 2
      vertex -17.3087 10.9844 3
    endloop
  endfacet
  facet normal 0.86072 -0.509079 0
    outer loop
      vertex -17.3087 10.9844 2
      vertex -17.9643 9.87595 3
      vertex -17.9643 9.87595 2
    endloop
  endfacet
  facet normal -0.338708 -0.940892 0
    outer loop
      vertex -6.62624 -16.736 2
      vertex -5.56231 -17.119 3
      vertex -6.62624 -16.736 3
    endloop
  endfacet
  facet normal -0.338708 -0.940892 -0
    outer loop
      vertex -5.56231 -17.119 3
      vertex -6.62624 -16.736 2
      vertex -5.56231 -17.119 2
    endloop
  endfacet
  facet normal 0.995563 0.0940938 0
    outer loop
      vertex 17.9645 1.13023 3
      vertex 17.8581 2.256 2
      vertex 17.8581 2.256 3
    endloop
  endfacet
  facet normal 0.995563 0.0940938 0
    outer loop
      vertex 17.8581 2.256 2
      vertex 17.9645 1.13023 3
      vertex 17.9645 1.13023 2
    endloop
  endfacet
  facet normal 0.999507 0.0313941 0
    outer loop
      vertex 18 0 3
      vertex 17.9645 1.13023 2
      vertex 17.9645 1.13023 3
    endloop
  endfacet
  facet normal 0.999507 0.0313941 0
    outer loop
      vertex 17.9645 1.13023 2
      vertex 18 0 3
      vertex 18 0 2
    endloop
  endfacet
  facet normal 0.987687 0.15644 0
    outer loop
      vertex 17.8581 2.256 3
      vertex 17.6812 3.37286 2
      vertex 17.6812 3.37286 3
    endloop
  endfacet
  facet normal 0.987687 0.15644 0
    outer loop
      vertex 17.6812 3.37286 2
      vertex 17.8581 2.256 3
      vertex 17.8581 2.256 2
    endloop
  endfacet
  facet normal 0.999507 -0.0313941 0
    outer loop
      vertex 17.9645 -1.13023 3
      vertex 18 0 2
      vertex 18 0 3
    endloop
  endfacet
  facet normal 0.999507 -0.0313941 0
    outer loop
      vertex 18 0 2
      vertex 17.9645 -1.13023 3
      vertex 17.9645 -1.13023 2
    endloop
  endfacet
  facet normal -0.82707 -0.562099 0
    outer loop
      vertex -14.5623 -10.5801 2
      vertex -15.1979 -9.64488 3
      vertex -15.1979 -9.64488 2
    endloop
  endfacet
  facet normal -0.82707 -0.562099 0
    outer loop
      vertex -15.1979 -9.64488 3
      vertex -14.5623 -10.5801 2
      vertex -14.5623 -10.5801 3
    endloop
  endfacet
  facet normal -0.960289 -0.279007 0
    outer loop
      vertex -17.119 -5.56231 2
      vertex -17.4345 -4.47642 3
      vertex -17.4345 -4.47642 2
    endloop
  endfacet
  facet normal -0.960289 -0.279007 0
    outer loop
      vertex -17.4345 -4.47642 3
      vertex -17.119 -5.56231 2
      vertex -17.119 -5.56231 3
    endloop
  endfacet
  facet normal 0.790142 0.612924 0
    outer loop
      vertex 14.5623 10.5801 3
      vertex 13.8692 11.4736 2
      vertex 13.8692 11.4736 3
    endloop
  endfacet
  facet normal 0.790142 0.612924 0
    outer loop
      vertex 13.8692 11.4736 2
      vertex 14.5623 10.5801 3
      vertex 14.5623 10.5801 2
    endloop
  endfacet
  facet normal 0.860747 -0.509032 0
    outer loop
      vertex 15.1979 -9.64488 3
      vertex 15.7735 -8.67157 2
      vertex 15.7735 -8.67157 3
    endloop
  endfacet
  facet normal 0.860747 -0.509032 0
    outer loop
      vertex 15.7735 -8.67157 2
      vertex 15.1979 -9.64488 3
      vertex 15.1979 -9.64488 2
    endloop
  endfacet
  facet normal 0.218164 0.975912 -0
    outer loop
      vertex 4.47642 17.4345 2
      vertex 3.37286 17.6812 3
      vertex 4.47642 17.4345 3
    endloop
  endfacet
  facet normal 0.218164 0.975912 0
    outer loop
      vertex 3.37286 17.6812 3
      vertex 4.47642 17.4345 2
      vertex 3.37286 17.6812 2
    endloop
  endfacet
  facet normal -0.960289 0.279007 0
    outer loop
      vertex -17.4345 4.47642 2
      vertex -17.119 5.56231 3
      vertex -17.119 5.56231 2
    endloop
  endfacet
  facet normal -0.960289 0.279007 0
    outer loop
      vertex -17.119 5.56231 3
      vertex -17.4345 4.47642 2
      vertex -17.4345 4.47642 3
    endloop
  endfacet
  facet normal 0.661317 0.750106 -0
    outer loop
      vertex 12.3218 13.1214 2
      vertex 11.4736 13.8692 3
      vertex 12.3218 13.1214 3
    endloop
  endfacet
  facet normal 0.661317 0.750106 0
    outer loop
      vertex 11.4736 13.8692 3
      vertex 12.3218 13.1214 2
      vertex 11.4736 13.8692 2
    endloop
  endfacet
  facet normal 0.790142 -0.612924 0
    outer loop
      vertex 13.8692 -11.4736 3
      vertex 14.5623 -10.5801 2
      vertex 14.5623 -10.5801 3
    endloop
  endfacet
  facet normal 0.790142 -0.612924 0
    outer loop
      vertex 14.5623 -10.5801 2
      vertex 13.8692 -11.4736 3
      vertex 13.8692 -11.4736 2
    endloop
  endfacet
  facet normal 0.917752 0.397154 0
    outer loop
      vertex 16.736 6.62624 3
      vertex 16.2869 7.66403 2
      vertex 16.2869 7.66403 3
    endloop
  endfacet
  facet normal 0.917752 0.397154 0
    outer loop
      vertex 16.2869 7.66403 2
      vertex 16.736 6.62624 3
      vertex 16.736 6.62624 2
    endloop
  endfacet
  facet normal -0.0940938 0.995563 0
    outer loop
      vertex -1.13023 17.9645 2
      vertex -2.256 17.8581 3
      vertex -1.13023 17.9645 3
    endloop
  endfacet
  facet normal -0.0940938 0.995563 0
    outer loop
      vertex -2.256 17.8581 3
      vertex -1.13023 17.9645 2
      vertex -2.256 17.8581 2
    endloop
  endfacet
  facet normal 0.960289 -0.279007 0
    outer loop
      vertex 17.119 -5.56231 3
      vertex 17.4345 -4.47642 2
      vertex 17.4345 -4.47642 3
    endloop
  endfacet
  facet normal 0.960289 -0.279007 0
    outer loop
      vertex 17.4345 -4.47642 2
      vertex 17.119 -5.56231 3
      vertex 17.119 -5.56231 2
    endloop
  endfacet
  facet normal 0.82707 0.562099 0
    outer loop
      vertex 15.1979 9.64488 3
      vertex 14.5623 10.5801 2
      vertex 14.5623 10.5801 3
    endloop
  endfacet
  facet normal 0.82707 0.562099 0
    outer loop
      vertex 14.5623 10.5801 2
      vertex 15.1979 9.64488 3
      vertex 15.1979 9.64488 2
    endloop
  endfacet
  facet normal -0.661317 0.750106 0
    outer loop
      vertex -11.4736 13.8692 2
      vertex -12.3218 13.1214 3
      vertex -11.4736 13.8692 3
    endloop
  endfacet
  facet normal -0.661317 0.750106 0
    outer loop
      vertex -12.3218 13.1214 3
      vertex -11.4736 13.8692 2
      vertex -12.3218 13.1214 2
    endloop
  endfacet
  facet normal -0.509032 0.860747 0
    outer loop
      vertex -8.67157 15.7735 2
      vertex -9.64488 15.1979 3
      vertex -8.67157 15.7735 3
    endloop
  endfacet
  facet normal -0.509032 0.860747 0
    outer loop
      vertex -9.64488 15.1979 3
      vertex -8.67157 15.7735 2
      vertex -9.64488 15.1979 2
    endloop
  endfacet
  facet normal -0.218164 -0.975912 0
    outer loop
      vertex -4.47642 -17.4345 2
      vertex -3.37286 -17.6812 3
      vertex -4.47642 -17.4345 3
    endloop
  endfacet
  facet normal -0.218164 -0.975912 -0
    outer loop
      vertex -3.37286 -17.6812 3
      vertex -4.47642 -17.4345 2
      vertex -3.37286 -17.6812 2
    endloop
  endfacet
  facet normal -0.790142 0.612924 0
    outer loop
      vertex -14.5623 10.5801 2
      vertex -13.8692 11.4736 3
      vertex -13.8692 11.4736 2
    endloop
  endfacet
  facet normal -0.790142 0.612924 0
    outer loop
      vertex -13.8692 11.4736 3
      vertex -14.5623 10.5801 2
      vertex -14.5623 10.5801 3
    endloop
  endfacet
  facet normal -0.940892 -0.338708 0
    outer loop
      vertex -16.736 -6.62624 2
      vertex -17.119 -5.56231 3
      vertex -17.119 -5.56231 2
    endloop
  endfacet
  facet normal -0.940892 -0.338708 0
    outer loop
      vertex -17.119 -5.56231 3
      vertex -16.736 -6.62624 2
      vertex -16.736 -6.62624 3
    endloop
  endfacet
  facet normal 0.397154 -0.917752 0
    outer loop
      vertex 6.62624 -16.736 2
      vertex 7.66403 -16.2869 3
      vertex 6.62624 -16.736 3
    endloop
  endfacet
  facet normal 0.397154 -0.917752 0
    outer loop
      vertex 7.66403 -16.2869 3
      vertex 6.62624 -16.736 2
      vertex 7.66403 -16.2869 2
    endloop
  endfacet
  facet normal -0.15644 -0.987687 0
    outer loop
      vertex -3.37286 -17.6812 2
      vertex -2.256 -17.8581 3
      vertex -3.37286 -17.6812 3
    endloop
  endfacet
  facet normal -0.15644 -0.987687 -0
    outer loop
      vertex -2.256 -17.8581 3
      vertex -3.37286 -17.6812 2
      vertex -2.256 -17.8581 2
    endloop
  endfacet
  facet normal -0.338708 0.940892 0
    outer loop
      vertex -5.56231 17.119 2
      vertex -6.62624 16.736 3
      vertex -5.56231 17.119 3
    endloop
  endfacet
  facet normal -0.338708 0.940892 0
    outer loop
      vertex -6.62624 16.736 3
      vertex -5.56231 17.119 2
      vertex -6.62624 16.736 2
    endloop
  endfacet
  facet normal -0.987687 0.15644 0
    outer loop
      vertex -17.8581 2.256 2
      vertex -17.6812 3.37286 3
      vertex -17.6812 3.37286 2
    endloop
  endfacet
  facet normal -0.987687 0.15644 0
    outer loop
      vertex -17.6812 3.37286 3
      vertex -17.8581 2.256 2
      vertex -17.8581 2.256 3
    endloop
  endfacet
  facet normal -0.279007 -0.960289 0
    outer loop
      vertex -5.56231 -17.119 2
      vertex -4.47642 -17.4345 3
      vertex -5.56231 -17.119 3
    endloop
  endfacet
  facet normal -0.279007 -0.960289 -0
    outer loop
      vertex -4.47642 -17.4345 3
      vertex -5.56231 -17.119 2
      vertex -4.47642 -17.4345 2
    endloop
  endfacet
  facet normal 0.975912 0.218164 0
    outer loop
      vertex 17.6812 3.37286 3
      vertex 17.4345 4.47642 2
      vertex 17.4345 4.47642 3
    endloop
  endfacet
  facet normal 0.975912 0.218164 0
    outer loop
      vertex 17.4345 4.47642 2
      vertex 17.6812 3.37286 3
      vertex 17.6812 3.37286 2
    endloop
  endfacet
  facet normal -0.562099 -0.82707 0
    outer loop
      vertex -10.5801 -14.5623 2
      vertex -9.64488 -15.1979 3
      vertex -10.5801 -14.5623 3
    endloop
  endfacet
  facet normal -0.562099 -0.82707 -0
    outer loop
      vertex -9.64488 -15.1979 3
      vertex -10.5801 -14.5623 2
      vertex -9.64488 -15.1979 2
    endloop
  endfacet
  facet normal 0.454013 0.890995 -0
    outer loop
      vertex 8.67157 15.7735 2
      vertex 7.66403 16.2869 3
      vertex 8.67157 15.7735 3
    endloop
  endfacet
  facet normal 0.454013 0.890995 0
    outer loop
      vertex 7.66403 16.2869 3
      vertex 8.67157 15.7735 2
      vertex 7.66403 16.2869 2
    endloop
  endfacet
  facet normal 0.917752 -0.397154 0
    outer loop
      vertex 16.2869 -7.66403 3
      vertex 16.736 -6.62624 2
      vertex 16.736 -6.62624 3
    endloop
  endfacet
  facet normal 0.917752 -0.397154 0
    outer loop
      vertex 16.736 -6.62624 2
      vertex 16.2869 -7.66403 3
      vertex 16.2869 -7.66403 2
    endloop
  endfacet
  facet normal -0.917752 0.397154 0
    outer loop
      vertex -16.736 6.62624 2
      vertex -16.2869 7.66403 3
      vertex -16.2869 7.66403 2
    endloop
  endfacet
  facet normal -0.917752 0.397154 0
    outer loop
      vertex -16.2869 7.66403 3
      vertex -16.736 6.62624 2
      vertex -16.736 6.62624 3
    endloop
  endfacet
  facet normal 0.612924 0.790142 -0
    outer loop
      vertex 11.4736 13.8692 2
      vertex 10.5801 14.5623 3
      vertex 11.4736 13.8692 3
    endloop
  endfacet
  facet normal 0.612924 0.790142 0
    outer loop
      vertex 10.5801 14.5623 3
      vertex 11.4736 13.8692 2
      vertex 10.5801 14.5623 2
    endloop
  endfacet
  facet normal -0.661317 -0.750106 0
    outer loop
      vertex -12.3218 -13.1214 2
      vertex -11.4736 -13.8692 3
      vertex -12.3218 -13.1214 3
    endloop
  endfacet
  facet normal -0.661317 -0.750106 -0
    outer loop
      vertex -11.4736 -13.8692 3
      vertex -12.3218 -13.1214 2
      vertex -11.4736 -13.8692 2
    endloop
  endfacet
  facet normal -0.707107 0.707107 0
    outer loop
      vertex -13.1214 12.3218 2
      vertex -12.3218 13.1214 3
      vertex -12.3218 13.1214 2
    endloop
  endfacet
  facet normal -0.707107 0.707107 0
    outer loop
      vertex -12.3218 13.1214 3
      vertex -13.1214 12.3218 2
      vertex -13.1214 12.3218 3
    endloop
  endfacet
  facet normal 0.454013 -0.890995 0
    outer loop
      vertex 7.66403 -16.2869 2
      vertex 8.67157 -15.7735 3
      vertex 7.66403 -16.2869 3
    endloop
  endfacet
  facet normal 0.454013 -0.890995 0
    outer loop
      vertex 8.67157 -15.7735 3
      vertex 7.66403 -16.2869 2
      vertex 8.67157 -15.7735 2
    endloop
  endfacet
  facet normal 0.612924 -0.790142 0
    outer loop
      vertex 10.5801 -14.5623 2
      vertex 11.4736 -13.8692 3
      vertex 10.5801 -14.5623 3
    endloop
  endfacet
  facet normal 0.612924 -0.790142 0
    outer loop
      vertex 11.4736 -13.8692 3
      vertex 10.5801 -14.5623 2
      vertex 11.4736 -13.8692 2
    endloop
  endfacet
  facet normal 0.397154 0.917752 -0
    outer loop
      vertex 7.66403 16.2869 2
      vertex 6.62624 16.736 3
      vertex 7.66403 16.2869 3
    endloop
  endfacet
  facet normal 0.397154 0.917752 0
    outer loop
      vertex 6.62624 16.736 3
      vertex 7.66403 16.2869 2
      vertex 6.62624 16.736 2
    endloop
  endfacet
  facet normal -0.82707 0.562099 0
    outer loop
      vertex -15.1979 9.64488 2
      vertex -14.5623 10.5801 3
      vertex -14.5623 10.5801 2
    endloop
  endfacet
  facet normal -0.82707 0.562099 0
    outer loop
      vertex -14.5623 10.5801 3
      vertex -15.1979 9.64488 2
      vertex -15.1979 9.64488 3
    endloop
  endfacet
  facet normal 0.279007 0.960289 -0
    outer loop
      vertex 5.56231 17.119 2
      vertex 4.47642 17.4345 3
      vertex 5.56231 17.119 3
    endloop
  endfacet
  facet normal 0.279007 0.960289 0
    outer loop
      vertex 4.47642 17.4345 3
      vertex 5.56231 17.119 2
      vertex 4.47642 17.4345 2
    endloop
  endfacet
  facet normal -0.0940938 -0.995563 0
    outer loop
      vertex -2.256 -17.8581 2
      vertex -1.13023 -17.9645 3
      vertex -2.256 -17.8581 3
    endloop
  endfacet
  facet normal -0.0940938 -0.995563 -0
    outer loop
      vertex -1.13023 -17.9645 3
      vertex -2.256 -17.8581 2
      vertex -1.13023 -17.9645 2
    endloop
  endfacet
  facet normal 0.0313941 0.999507 -0
    outer loop
      vertex 1.13023 17.9645 2
      vertex 0 18 3
      vertex 1.13023 17.9645 3
    endloop
  endfacet
  facet normal 0.0313941 0.999507 0
    outer loop
      vertex 0 18 3
      vertex 1.13023 17.9645 2
      vertex 0 18 2
    endloop
  endfacet
  facet normal -0.562099 0.82707 0
    outer loop
      vertex -9.64488 15.1979 2
      vertex -10.5801 14.5623 3
      vertex -9.64488 15.1979 3
    endloop
  endfacet
  facet normal -0.562099 0.82707 0
    outer loop
      vertex -10.5801 14.5623 3
      vertex -9.64488 15.1979 2
      vertex -10.5801 14.5623 2
    endloop
  endfacet
  facet normal -0.612924 -0.790142 0
    outer loop
      vertex -11.4736 -13.8692 2
      vertex -10.5801 -14.5623 3
      vertex -11.4736 -13.8692 3
    endloop
  endfacet
  facet normal -0.612924 -0.790142 -0
    outer loop
      vertex -10.5801 -14.5623 3
      vertex -11.4736 -13.8692 2
      vertex -10.5801 -14.5623 2
    endloop
  endfacet
  facet normal 0.960289 0.279007 0
    outer loop
      vertex 17.4345 4.47642 3
      vertex 17.119 5.56231 2
      vertex 17.119 5.56231 3
    endloop
  endfacet
  facet normal 0.960289 0.279007 0
    outer loop
      vertex 17.119 5.56231 2
      vertex 17.4345 4.47642 3
      vertex 17.4345 4.47642 2
    endloop
  endfacet
  facet normal 0.562099 0.82707 -0
    outer loop
      vertex 10.5801 14.5623 2
      vertex 9.64488 15.1979 3
      vertex 10.5801 14.5623 3
    endloop
  endfacet
  facet normal 0.562099 0.82707 0
    outer loop
      vertex 9.64488 15.1979 3
      vertex 10.5801 14.5623 2
      vertex 9.64488 15.1979 2
    endloop
  endfacet
  facet normal -0.279007 0.960289 0
    outer loop
      vertex -4.47642 17.4345 2
      vertex -5.56231 17.119 3
      vertex -4.47642 17.4345 3
    endloop
  endfacet
  facet normal -0.279007 0.960289 0
    outer loop
      vertex -5.56231 17.119 3
      vertex -4.47642 17.4345 2
      vertex -5.56231 17.119 2
    endloop
  endfacet
  facet normal 0.940892 -0.338708 0
    outer loop
      vertex 16.736 -6.62624 3
      vertex 17.119 -5.56231 2
      vertex 17.119 -5.56231 3
    endloop
  endfacet
  facet normal 0.940892 -0.338708 0
    outer loop
      vertex 17.119 -5.56231 2
      vertex 16.736 -6.62624 3
      vertex 16.736 -6.62624 2
    endloop
  endfacet
  facet normal -0.0313941 0.999507 0
    outer loop
      vertex 0 18 2
      vertex -1.13023 17.9645 3
      vertex 0 18 3
    endloop
  endfacet
  facet normal -0.0313941 0.999507 0
    outer loop
      vertex -1.13023 17.9645 3
      vertex 0 18 2
      vertex -1.13023 17.9645 2
    endloop
  endfacet
  facet normal 0.995563 -0.0940938 0
    outer loop
      vertex 17.8581 -2.256 3
      vertex 17.9645 -1.13023 2
      vertex 17.9645 -1.13023 3
    endloop
  endfacet
  facet normal 0.995563 -0.0940938 0
    outer loop
      vertex 17.9645 -1.13023 2
      vertex 17.8581 -2.256 3
      vertex 17.8581 -2.256 2
    endloop
  endfacet
  facet normal 0.975912 -0.218164 0
    outer loop
      vertex 17.4345 -4.47642 3
      vertex 17.6812 -3.37286 2
      vertex 17.6812 -3.37286 3
    endloop
  endfacet
  facet normal 0.975912 -0.218164 0
    outer loop
      vertex 17.6812 -3.37286 2
      vertex 17.4345 -4.47642 3
      vertex 17.4345 -4.47642 2
    endloop
  endfacet
  facet normal 0.15644 -0.987687 0
    outer loop
      vertex 2.256 -17.8581 2
      vertex 3.37286 -17.6812 3
      vertex 2.256 -17.8581 3
    endloop
  endfacet
  facet normal 0.15644 -0.987687 0
    outer loop
      vertex 3.37286 -17.6812 3
      vertex 2.256 -17.8581 2
      vertex 3.37286 -17.6812 2
    endloop
  endfacet
  facet normal -0.218164 0.975912 0
    outer loop
      vertex -3.37286 17.6812 2
      vertex -4.47642 17.4345 3
      vertex -3.37286 17.6812 3
    endloop
  endfacet
  facet normal -0.218164 0.975912 0
    outer loop
      vertex -4.47642 17.4345 3
      vertex -3.37286 17.6812 2
      vertex -4.47642 17.4345 2
    endloop
  endfacet
  facet normal 0.0940938 0.995563 -0
    outer loop
      vertex 2.256 17.8581 2
      vertex 1.13023 17.9645 3
      vertex 2.256 17.8581 3
    endloop
  endfacet
  facet normal 0.0940938 0.995563 0
    outer loop
      vertex 1.13023 17.9645 3
      vertex 2.256 17.8581 2
      vertex 1.13023 17.9645 2
    endloop
  endfacet
  facet normal 0.987687 -0.15644 0
    outer loop
      vertex 17.6812 -3.37286 3
      vertex 17.8581 -2.256 2
      vertex 17.8581 -2.256 3
    endloop
  endfacet
  facet normal 0.987687 -0.15644 0
    outer loop
      vertex 17.8581 -2.256 2
      vertex 17.6812 -3.37286 3
      vertex 17.6812 -3.37286 2
    endloop
  endfacet
  facet normal 0.509032 0.860747 -0
    outer loop
      vertex 9.64488 15.1979 2
      vertex 8.67157 15.7735 3
      vertex 9.64488 15.1979 3
    endloop
  endfacet
  facet normal 0.509032 0.860747 0
    outer loop
      vertex 8.67157 15.7735 3
      vertex 9.64488 15.1979 2
      vertex 8.67157 15.7735 2
    endloop
  endfacet
  facet normal 0.0313941 -0.999507 0
    outer loop
      vertex 0 -18 2
      vertex 1.13023 -17.9645 3
      vertex 0 -18 3
    endloop
  endfacet
  facet normal 0.0313941 -0.999507 0
    outer loop
      vertex 1.13023 -17.9645 3
      vertex 0 -18 2
      vertex 1.13023 -17.9645 2
    endloop
  endfacet
  facet normal 0.82707 -0.562099 0
    outer loop
      vertex 14.5623 -10.5801 3
      vertex 15.1979 -9.64488 2
      vertex 15.1979 -9.64488 3
    endloop
  endfacet
  facet normal 0.82707 -0.562099 0
    outer loop
      vertex 15.1979 -9.64488 2
      vertex 14.5623 -10.5801 3
      vertex 14.5623 -10.5801 2
    endloop
  endfacet
  facet normal -0.995563 -0.0940938 0
    outer loop
      vertex -17.8581 -2.256 2
      vertex -17.9645 -1.13023 3
      vertex -17.9645 -1.13023 2
    endloop
  endfacet
  facet normal -0.995563 -0.0940938 0
    outer loop
      vertex -17.9645 -1.13023 3
      vertex -17.8581 -2.256 2
      vertex -17.8581 -2.256 3
    endloop
  endfacet
  facet normal 0.860747 0.509032 0
    outer loop
      vertex 15.7735 8.67157 3
      vertex 15.1979 9.64488 2
      vertex 15.1979 9.64488 3
    endloop
  endfacet
  facet normal 0.860747 0.509032 0
    outer loop
      vertex 15.1979 9.64488 2
      vertex 15.7735 8.67157 3
      vertex 15.7735 8.67157 2
    endloop
  endfacet
  facet normal 0.890995 0.454013 0
    outer loop
      vertex 16.2869 7.66403 3
      vertex 15.7735 8.67157 2
      vertex 15.7735 8.67157 3
    endloop
  endfacet
  facet normal 0.890995 0.454013 0
    outer loop
      vertex 15.7735 8.67157 2
      vertex 16.2869 7.66403 3
      vertex 16.2869 7.66403 2
    endloop
  endfacet
  facet normal -0.975912 0.218164 0
    outer loop
      vertex -17.6812 3.37286 2
      vertex -17.4345 4.47642 3
      vertex -17.4345 4.47642 2
    endloop
  endfacet
  facet normal -0.975912 0.218164 0
    outer loop
      vertex -17.4345 4.47642 3
      vertex -17.6812 3.37286 2
      vertex -17.6812 3.37286 3
    endloop
  endfacet
  facet normal 0.338708 -0.940892 0
    outer loop
      vertex 5.56231 -17.119 2
      vertex 6.62624 -16.736 3
      vertex 5.56231 -17.119 3
    endloop
  endfacet
  facet normal 0.338708 -0.940892 0
    outer loop
      vertex 6.62624 -16.736 3
      vertex 5.56231 -17.119 2
      vertex 6.62624 -16.736 2
    endloop
  endfacet
  facet normal 0.279007 -0.960289 0
    outer loop
      vertex 4.47642 -17.4345 2
      vertex 5.56231 -17.119 3
      vertex 4.47642 -17.4345 3
    endloop
  endfacet
  facet normal 0.279007 -0.960289 0
    outer loop
      vertex 5.56231 -17.119 3
      vertex 4.47642 -17.4345 2
      vertex 5.56231 -17.119 2
    endloop
  endfacet
  facet normal -0.0313941 -0.999507 0
    outer loop
      vertex -1.13023 -17.9645 2
      vertex 0 -18 3
      vertex -1.13023 -17.9645 3
    endloop
  endfacet
  facet normal -0.0313941 -0.999507 -0
    outer loop
      vertex 0 -18 3
      vertex -1.13023 -17.9645 2
      vertex 0 -18 2
    endloop
  endfacet
  facet normal 0.661317 -0.750106 0
    outer loop
      vertex 11.4736 -13.8692 2
      vertex 12.3218 -13.1214 3
      vertex 11.4736 -13.8692 3
    endloop
  endfacet
  facet normal 0.661317 -0.750106 0
    outer loop
      vertex 12.3218 -13.1214 3
      vertex 11.4736 -13.8692 2
      vertex 12.3218 -13.1214 2
    endloop
  endfacet
  facet normal 0.707107 -0.707107 0
    outer loop
      vertex 12.3218 -13.1214 3
      vertex 13.1214 -12.3218 2
      vertex 13.1214 -12.3218 3
    endloop
  endfacet
  facet normal 0.707107 -0.707107 0
    outer loop
      vertex 13.1214 -12.3218 2
      vertex 12.3218 -13.1214 3
      vertex 12.3218 -13.1214 2
    endloop
  endfacet
  facet normal -0.750106 -0.661317 0
    outer loop
      vertex -13.1214 -12.3218 2
      vertex -13.8692 -11.4736 3
      vertex -13.8692 -11.4736 2
    endloop
  endfacet
  facet normal -0.750106 -0.661317 0
    outer loop
      vertex -13.8692 -11.4736 3
      vertex -13.1214 -12.3218 2
      vertex -13.1214 -12.3218 3
    endloop
  endfacet
  facet normal -0.397154 0.917752 0
    outer loop
      vertex -6.62624 16.736 2
      vertex -7.66403 16.2869 3
      vertex -6.62624 16.736 3
    endloop
  endfacet
  facet normal -0.397154 0.917752 0
    outer loop
      vertex -7.66403 16.2869 3
      vertex -6.62624 16.736 2
      vertex -7.66403 16.2869 2
    endloop
  endfacet
  facet normal -0.860747 0.509032 0
    outer loop
      vertex -15.7735 8.67157 2
      vertex -15.1979 9.64488 3
      vertex -15.1979 9.64488 2
    endloop
  endfacet
  facet normal -0.860747 0.509032 0
    outer loop
      vertex -15.1979 9.64488 3
      vertex -15.7735 8.67157 2
      vertex -15.7735 8.67157 3
    endloop
  endfacet
  facet normal -0.999507 -0.0313941 0
    outer loop
      vertex -17.9645 -1.13023 2
      vertex -18 0 3
      vertex -18 0 2
    endloop
  endfacet
  facet normal -0.999507 -0.0313941 0
    outer loop
      vertex -18 0 3
      vertex -17.9645 -1.13023 2
      vertex -17.9645 -1.13023 3
    endloop
  endfacet
  facet normal -0.397154 -0.917752 0
    outer loop
      vertex -7.66403 -16.2869 2
      vertex -6.62624 -16.736 3
      vertex -7.66403 -16.2869 3
    endloop
  endfacet
  facet normal -0.397154 -0.917752 -0
    outer loop
      vertex -6.62624 -16.736 3
      vertex -7.66403 -16.2869 2
      vertex -6.62624 -16.736 2
    endloop
  endfacet
  facet normal 0.707107 0.707107 0
    outer loop
      vertex 13.1214 12.3218 3
      vertex 12.3218 13.1214 2
      vertex 12.3218 13.1214 3
    endloop
  endfacet
  facet normal 0.707107 0.707107 0
    outer loop
      vertex 12.3218 13.1214 2
      vertex 13.1214 12.3218 3
      vertex 13.1214 12.3218 2
    endloop
  endfacet
  facet normal -0.975912 -0.218164 0
    outer loop
      vertex -17.4345 -4.47642 2
      vertex -17.6812 -3.37286 3
      vertex -17.6812 -3.37286 2
    endloop
  endfacet
  facet normal -0.975912 -0.218164 0
    outer loop
      vertex -17.6812 -3.37286 3
      vertex -17.4345 -4.47642 2
      vertex -17.4345 -4.47642 3
    endloop
  endfacet
  facet normal 0.15644 0.987687 -0
    outer loop
      vertex 3.37286 17.6812 2
      vertex 2.256 17.8581 3
      vertex 3.37286 17.6812 3
    endloop
  endfacet
  facet normal 0.15644 0.987687 0
    outer loop
      vertex 2.256 17.8581 3
      vertex 3.37286 17.6812 2
      vertex 2.256 17.8581 2
    endloop
  endfacet
  facet normal 0.750106 0.661317 0
    outer loop
      vertex 13.8692 11.4736 3
      vertex 13.1214 12.3218 2
      vertex 13.1214 12.3218 3
    endloop
  endfacet
  facet normal 0.750106 0.661317 0
    outer loop
      vertex 13.1214 12.3218 2
      vertex 13.8692 11.4736 3
      vertex 13.8692 11.4736 2
    endloop
  endfacet
  facet normal 0.562099 -0.82707 0
    outer loop
      vertex 9.64488 -15.1979 2
      vertex 10.5801 -14.5623 3
      vertex 9.64488 -15.1979 3
    endloop
  endfacet
  facet normal 0.562099 -0.82707 0
    outer loop
      vertex 10.5801 -14.5623 3
      vertex 9.64488 -15.1979 2
      vertex 10.5801 -14.5623 2
    endloop
  endfacet
  facet normal 0.218164 -0.975912 0
    outer loop
      vertex 3.37286 -17.6812 2
      vertex 4.47642 -17.4345 3
      vertex 3.37286 -17.6812 3
    endloop
  endfacet
  facet normal 0.218164 -0.975912 0
    outer loop
      vertex 4.47642 -17.4345 3
      vertex 3.37286 -17.6812 2
      vertex 4.47642 -17.4345 2
    endloop
  endfacet
  facet normal 0.750106 -0.661317 0
    outer loop
      vertex 13.1214 -12.3218 3
      vertex 13.8692 -11.4736 2
      vertex 13.8692 -11.4736 3
    endloop
  endfacet
  facet normal 0.750106 -0.661317 0
    outer loop
      vertex 13.8692 -11.4736 2
      vertex 13.1214 -12.3218 3
      vertex 13.1214 -12.3218 2
    endloop
  endfacet
  facet normal 0.509032 -0.860747 0
    outer loop
      vertex 8.67157 -15.7735 2
      vertex 9.64488 -15.1979 3
      vertex 8.67157 -15.7735 3
    endloop
  endfacet
  facet normal 0.509032 -0.860747 0
    outer loop
      vertex 9.64488 -15.1979 3
      vertex 8.67157 -15.7735 2
      vertex 9.64488 -15.1979 2
    endloop
  endfacet
  facet normal -0.707107 -0.707107 0
    outer loop
      vertex -12.3218 -13.1214 2
      vertex -13.1214 -12.3218 3
      vertex -13.1214 -12.3218 2
    endloop
  endfacet
  facet normal -0.707107 -0.707107 0
    outer loop
      vertex -13.1214 -12.3218 3
      vertex -12.3218 -13.1214 2
      vertex -12.3218 -13.1214 3
    endloop
  endfacet
  facet normal -0.612924 0.790142 0
    outer loop
      vertex -10.5801 14.5623 2
      vertex -11.4736 13.8692 3
      vertex -10.5801 14.5623 3
    endloop
  endfacet
  facet normal -0.612924 0.790142 0
    outer loop
      vertex -11.4736 13.8692 3
      vertex -10.5801 14.5623 2
      vertex -11.4736 13.8692 2
    endloop
  endfacet
  facet normal -0.995563 0.0940938 0
    outer loop
      vertex -17.9645 1.13023 2
      vertex -17.8581 2.256 3
      vertex -17.8581 2.256 2
    endloop
  endfacet
  facet normal -0.995563 0.0940938 0
    outer loop
      vertex -17.8581 2.256 3
      vertex -17.9645 1.13023 2
      vertex -17.9645 1.13023 3
    endloop
  endfacet
  facet normal -0.860747 -0.509032 0
    outer loop
      vertex -15.1979 -9.64488 2
      vertex -15.7735 -8.67157 3
      vertex -15.7735 -8.67157 2
    endloop
  endfacet
  facet normal -0.860747 -0.509032 0
    outer loop
      vertex -15.7735 -8.67157 3
      vertex -15.1979 -9.64488 2
      vertex -15.1979 -9.64488 3
    endloop
  endfacet
  facet normal 0.940892 0.338708 0
    outer loop
      vertex 17.119 5.56231 3
      vertex 16.736 6.62624 2
      vertex 16.736 6.62624 3
    endloop
  endfacet
  facet normal 0.940892 0.338708 0
    outer loop
      vertex 16.736 6.62624 2
      vertex 17.119 5.56231 3
      vertex 17.119 5.56231 2
    endloop
  endfacet
  facet normal -0.15644 0.987687 0
    outer loop
      vertex -2.256 17.8581 2
      vertex -3.37286 17.6812 3
      vertex -2.256 17.8581 3
    endloop
  endfacet
  facet normal -0.15644 0.987687 0
    outer loop
      vertex -3.37286 17.6812 3
      vertex -2.256 17.8581 2
      vertex -3.37286 17.6812 2
    endloop
  endfacet
  facet normal 0.890995 -0.454013 0
    outer loop
      vertex 15.7735 -8.67157 3
      vertex 16.2869 -7.66403 2
      vertex 16.2869 -7.66403 3
    endloop
  endfacet
  facet normal 0.890995 -0.454013 0
    outer loop
      vertex 16.2869 -7.66403 2
      vertex 15.7735 -8.67157 3
      vertex 15.7735 -8.67157 2
    endloop
  endfacet
  facet normal -0.750106 0.661317 0
    outer loop
      vertex -13.8692 11.4736 2
      vertex -13.1214 12.3218 3
      vertex -13.1214 12.3218 2
    endloop
  endfacet
  facet normal -0.750106 0.661317 0
    outer loop
      vertex -13.1214 12.3218 3
      vertex -13.8692 11.4736 2
      vertex -13.8692 11.4736 3
    endloop
  endfacet
  facet normal -0.987687 -0.15644 0
    outer loop
      vertex -17.6812 -3.37286 2
      vertex -17.8581 -2.256 3
      vertex -17.8581 -2.256 2
    endloop
  endfacet
  facet normal -0.987687 -0.15644 0
    outer loop
      vertex -17.8581 -2.256 3
      vertex -17.6812 -3.37286 2
      vertex -17.6812 -3.37286 3
    endloop
  endfacet
  facet normal 0.0940938 -0.995563 0
    outer loop
      vertex 1.13023 -17.9645 2
      vertex 2.256 -17.8581 3
      vertex 1.13023 -17.9645 3
    endloop
  endfacet
  facet normal 0.0940938 -0.995563 0
    outer loop
      vertex 2.256 -17.8581 3
      vertex 1.13023 -17.9645 2
      vertex 2.256 -17.8581 2
    endloop
  endfacet
  facet normal -0.999507 0.0313941 0
    outer loop
      vertex -18 0 2
      vertex -17.9645 1.13023 3
      vertex -17.9645 1.13023 2
    endloop
  endfacet
  facet normal -0.999507 0.0313941 0
    outer loop
      vertex -17.9645 1.13023 3
      vertex -18 0 2
      vertex -18 0 3
    endloop
  endfacet
  facet normal -0.940892 0.338708 0
    outer loop
      vertex -17.119 5.56231 2
      vertex -16.736 6.62624 3
      vertex -16.736 6.62624 2
    endloop
  endfacet
  facet normal -0.940892 0.338708 0
    outer loop
      vertex -16.736 6.62624 3
      vertex -17.119 5.56231 2
      vertex -17.119 5.56231 3
    endloop
  endfacet
  facet normal -0.790142 -0.612924 0
    outer loop
      vertex -13.8692 -11.4736 2
      vertex -14.5623 -10.5801 3
      vertex -14.5623 -10.5801 2
    endloop
  endfacet
  facet normal -0.790142 -0.612924 0
    outer loop
      vertex -14.5623 -10.5801 3
      vertex -13.8692 -11.4736 2
      vertex -13.8692 -11.4736 3
    endloop
  endfacet
  facet normal 0.338708 0.940892 -0
    outer loop
      vertex 6.62624 16.736 2
      vertex 5.56231 17.119 3
      vertex 6.62624 16.736 3
    endloop
  endfacet
  facet normal 0.338708 0.940892 0
    outer loop
      vertex 5.56231 17.119 3
      vertex 6.62624 16.736 2
      vertex 5.56231 17.119 2
    endloop
  endfacet
  facet normal -0.509032 -0.860747 0
    outer loop
      vertex -9.64488 -15.1979 2
      vertex -8.67157 -15.7735 3
      vertex -9.64488 -15.1979 3
    endloop
  endfacet
  facet normal -0.509032 -0.860747 -0
    outer loop
      vertex -8.67157 -15.7735 3
      vertex -9.64488 -15.1979 2
      vertex -8.67157 -15.7735 2
    endloop
  endfacet
  facet normal -0.454013 0.890995 0
    outer loop
      vertex -7.66403 16.2869 2
      vertex -8.67157 15.7735 3
      vertex -7.66403 16.2869 3
    endloop
  endfacet
  facet normal -0.454013 0.890995 0
    outer loop
      vertex -8.67157 15.7735 3
      vertex -7.66403 16.2869 2
      vertex -8.67157 15.7735 2
    endloop
  endfacet
  facet normal -0.890995 0.454013 0
    outer loop
      vertex -16.2869 7.66403 2
      vertex -15.7735 8.67157 3
      vertex -15.7735 8.67157 2
    endloop
  endfacet
  facet normal -0.890995 0.454013 0
    outer loop
      vertex -15.7735 8.67157 3
      vertex -16.2869 7.66403 2
      vertex -16.2869 7.66403 3
    endloop
  endfacet
  facet normal -0.454013 -0.890995 0
    outer loop
      vertex -8.67157 -15.7735 2
      vertex -7.66403 -16.2869 3
      vertex -8.67157 -15.7735 3
    endloop
  endfacet
  facet normal -0.454013 -0.890995 -0
    outer loop
      vertex -7.66403 -16.2869 3
      vertex -8.67157 -15.7735 2
      vertex -7.66403 -16.2869 2
    endloop
  endfacet
  facet normal -0.890995 -0.454013 0
    outer loop
      vertex -15.7735 -8.67157 2
      vertex -16.2869 -7.66403 3
      vertex -16.2869 -7.66403 2
    endloop
  endfacet
  facet normal -0.890995 -0.454013 0
    outer loop
      vertex -16.2869 -7.66403 3
      vertex -15.7735 -8.67157 2
      vertex -15.7735 -8.67157 3
    endloop
  endfacet
  facet normal -0.917752 -0.397154 0
    outer loop
      vertex -16.2869 -7.66403 2
      vertex -16.736 -6.62624 3
      vertex -16.736 -6.62624 2
    endloop
  endfacet
  facet normal -0.917752 -0.397154 0
    outer loop
      vertex -16.736 -6.62624 3
      vertex -16.2869 -7.66403 2
      vertex -16.2869 -7.66403 3
    endloop
  endfacet
  facet normal -0.094163 -0.995557 0
    outer loop
      vertex 1.33744 21.258 3
      vertex 2.6696 21.132 18
      vertex 1.33744 21.258 18
    endloop
  endfacet
  facet normal -0.094163 -0.995557 -0
    outer loop
      vertex 2.6696 21.132 18
      vertex 1.33744 21.258 3
      vertex 2.6696 21.132 3
    endloop
  endfacet
  facet normal -0.995557 -0.094163 0
    outer loop
      vertex 21.258 1.33744 3
      vertex 21.132 2.6696 15
      vertex 21.132 2.6696 3
    endloop
  endfacet
  facet normal -0.995557 -0.094163 0
    outer loop
      vertex 21.132 2.6696 15
      vertex 21.258 1.33744 3
      vertex 21.258 1.33744 15
    endloop
  endfacet
  facet normal -0.999507 -0.0313878 0
    outer loop
      vertex 21.3 0 3
      vertex 21.258 1.33744 15
      vertex 21.258 1.33744 3
    endloop
  endfacet
  facet normal -0.999507 -0.0313878 0
    outer loop
      vertex 21.258 1.33744 15
      vertex 21.3 0 3
      vertex 21.3 0 15
    endloop
  endfacet
  facet normal -0.218146 -0.975916 0
    outer loop
      vertex 3.99122 20.9227 3
      vertex 5.29709 20.6308 18
      vertex 3.99122 20.9227 18
    endloop
  endfacet
  facet normal -0.218146 -0.975916 -0
    outer loop
      vertex 5.29709 20.6308 18
      vertex 3.99122 20.9227 3
      vertex 5.29709 20.6308 3
    endloop
  endfacet
  facet normal -0.094163 0.995557 0
    outer loop
      vertex 2.6696 -21.132 3
      vertex 1.33744 -21.258 18
      vertex 2.6696 -21.132 18
    endloop
  endfacet
  facet normal -0.094163 0.995557 0
    outer loop
      vertex 1.33744 -21.258 18
      vertex 2.6696 -21.132 3
      vertex 1.33744 -21.258 3
    endloop
  endfacet
  facet normal 0.338765 0.940871 0
    outer loop
      vertex -6.58206 -20.2575 18
      vertex -6.99172 -20.11 15
      vertex -6.99172 -20.11 18
    endloop
  endfacet
  facet normal 0.338765 0.940871 -0
    outer loop
      vertex -6.58206 -20.2575 3
      vertex -6.99172 -20.11 15
      vertex -6.58206 -20.2575 18
    endloop
  endfacet
  facet normal 0.338762 0.940872 -1.33709e-07
    outer loop
      vertex -7.84105 -19.8042 3
      vertex -6.99172 -20.11 15
      vertex -6.58206 -20.2575 3
    endloop
  endfacet
  facet normal 0.33876 0.940873 0
    outer loop
      vertex -6.99172 -20.11 15
      vertex -7.84105 -19.8042 3
      vertex -7.84105 -19.8042 15
    endloop
  endfacet
  facet normal 0.827085 -0.562077 0
    outer loop
      vertex -17.9842 11.4131 18
      vertex -17.2321 12.5198 3
      vertex -17.2321 12.5198 18
    endloop
  endfacet
  facet normal 0.827085 -0.562077 0
    outer loop
      vertex -17.2321 12.5198 3
      vertex -17.9842 11.4131 18
      vertex -17.9842 11.4131 3
    endloop
  endfacet
  facet normal 0.661288 -0.750132 0
    outer loop
      vertex -14.5809 15.527 18
      vertex -13.9198 16.1098 15
      vertex -13.9198 16.1098 18
    endloop
  endfacet
  facet normal 0.661288 -0.750132 0
    outer loop
      vertex -14.5809 15.527 3
      vertex -13.9198 16.1098 15
      vertex -14.5809 15.527 18
    endloop
  endfacet
  facet normal 0.661283 -0.750137 4.51492e-07
    outer loop
      vertex -13.5771 16.4119 3
      vertex -13.9198 16.1098 15
      vertex -14.5809 15.527 3
    endloop
  endfacet
  facet normal 0.661274 -0.750144 0
    outer loop
      vertex -13.9198 16.1098 15
      vertex -13.5771 16.4119 3
      vertex -13.5771 16.4119 15
    endloop
  endfacet
  facet normal 0.790128 0.612942 0
    outer loop
      vertex -16.4119 -13.5771 18
      vertex -17.2321 -12.5198 3
      vertex -17.2321 -12.5198 18
    endloop
  endfacet
  facet normal 0.790128 0.612942 0
    outer loop
      vertex -17.2321 -12.5198 3
      vertex -16.4119 -13.5771 18
      vertex -16.4119 -13.5771 3
    endloop
  endfacet
  facet normal -0.218146 0.975916 0
    outer loop
      vertex 5.29709 -20.6308 3
      vertex 3.99122 -20.9227 18
      vertex 5.29709 -20.6308 18
    endloop
  endfacet
  facet normal -0.218146 0.975916 0
    outer loop
      vertex 3.99122 -20.9227 18
      vertex 5.29709 -20.6308 3
      vertex 3.99122 -20.9227 3
    endloop
  endfacet
  facet normal 0.975916 0.218146 0
    outer loop
      vertex -20.6308 -5.29709 18
      vertex -20.9227 -3.99122 3
      vertex -20.9227 -3.99122 18
    endloop
  endfacet
  facet normal 0.975916 0.218146 0
    outer loop
      vertex -20.9227 -3.99122 3
      vertex -20.6308 -5.29709 18
      vertex -20.6308 -5.29709 3
    endloop
  endfacet
  facet normal 0.827085 0.562077 0
    outer loop
      vertex -17.2321 -12.5198 18
      vertex -17.9842 -11.4131 3
      vertex -17.9842 -11.4131 18
    endloop
  endfacet
  facet normal 0.827085 0.562077 0
    outer loop
      vertex -17.9842 -11.4131 3
      vertex -17.2321 -12.5198 18
      vertex -17.2321 -12.5198 3
    endloop
  endfacet
  facet normal -0.975906 -0.218191 0
    outer loop
      vertex 20.6308 5.29709 3
      vertex 20.9208 4 15
      vertex 20.6308 5.29709 18
    endloop
  endfacet
  facet normal -0.975916 -0.218146 5.08988e-06
    outer loop
      vertex 20.9227 3.99122 3
      vertex 20.9208 4 15
      vertex 20.6308 5.29709 3
    endloop
  endfacet
  facet normal -0.977377 -0.211505 0
    outer loop
      vertex 20.9208 4 15
      vertex 20.9227 3.99122 3
      vertex 20.9227 3.99122 15
    endloop
  endfacet
  facet normal -0.975906 -0.218191 0
    outer loop
      vertex 20.6308 5.29709 18
      vertex 20.9208 4 15
      vertex 20.9208 4 18
    endloop
  endfacet
  facet normal -0.790128 -0.612942 0
    outer loop
      vertex 17.2321 12.5198 3
      vertex 16.4119 13.5771 18
      vertex 16.4119 13.5771 3
    endloop
  endfacet
  facet normal -0.790128 -0.612942 0
    outer loop
      vertex 16.4119 13.5771 18
      vertex 17.2321 12.5198 3
      vertex 17.2321 12.5198 18
    endloop
  endfacet
  facet normal -0.891009 -0.453986 0
    outer loop
      vertex 19.2728 9.0691 3
      vertex 18.6653 10.2614 18
      vertex 18.6653 10.2614 3
    endloop
  endfacet
  facet normal -0.891009 -0.453986 0
    outer loop
      vertex 18.6653 10.2614 18
      vertex 19.2728 9.0691 3
      vertex 19.2728 9.0691 18
    endloop
  endfacet
  facet normal 0.917761 0.397132 0
    outer loop
      vertex -19.2728 -9.0691 18
      vertex -19.8042 -7.84105 3
      vertex -19.8042 -7.84105 18
    endloop
  endfacet
  facet normal 0.917761 0.397132 0
    outer loop
      vertex -19.8042 -7.84105 3
      vertex -19.2728 -9.0691 18
      vertex -19.2728 -9.0691 3
    endloop
  endfacet
  facet normal 0.940872 -0.338762 0
    outer loop
      vertex -20.2575 6.58206 18
      vertex -19.8042 7.84105 3
      vertex -19.8042 7.84105 18
    endloop
  endfacet
  facet normal 0.940872 -0.338762 0
    outer loop
      vertex -19.8042 7.84105 3
      vertex -20.2575 6.58206 18
      vertex -20.2575 6.58206 3
    endloop
  endfacet
  facet normal -0.156417 -0.987691 0
    outer loop
      vertex 2.6696 21.132 3
      vertex 3.99122 20.9227 18
      vertex 2.6696 21.132 18
    endloop
  endfacet
  facet normal -0.156417 -0.987691 -0
    outer loop
      vertex 3.99122 20.9227 18
      vertex 2.6696 21.132 3
      vertex 3.99122 20.9227 3
    endloop
  endfacet
  facet normal 0.999507 0.0313878 0
    outer loop
      vertex -21.258 -1.33744 18
      vertex -21.3 0 3
      vertex -21.3 0 18
    endloop
  endfacet
  facet normal 0.999507 0.0313878 0
    outer loop
      vertex -21.3 0 3
      vertex -21.258 -1.33744 18
      vertex -21.258 -1.33744 3
    endloop
  endfacet
  facet normal -0.562077 0.827085 0
    outer loop
      vertex 12.5198 -17.2321 3
      vertex 11.4131 -17.9842 18
      vertex 12.5198 -17.2321 18
    endloop
  endfacet
  facet normal -0.562077 0.827085 0
    outer loop
      vertex 11.4131 -17.9842 18
      vertex 12.5198 -17.2321 3
      vertex 11.4131 -17.9842 3
    endloop
  endfacet
  facet normal 0.094163 -0.995557 0
    outer loop
      vertex -2.6696 21.132 3
      vertex -1.33744 21.258 18
      vertex -2.6696 21.132 18
    endloop
  endfacet
  facet normal 0.094163 -0.995557 0
    outer loop
      vertex -1.33744 21.258 18
      vertex -2.6696 21.132 3
      vertex -1.33744 21.258 3
    endloop
  endfacet
  facet normal -0.999507 0.0313878 0
    outer loop
      vertex 21.258 -1.33744 3
      vertex 21.3 0 15
      vertex 21.3 0 3
    endloop
  endfacet
  facet normal -0.999507 0.0313878 0
    outer loop
      vertex 21.3 0 15
      vertex 21.258 -1.33744 3
      vertex 21.258 -1.33744 15
    endloop
  endfacet
  facet normal -0.453986 0.891009 0
    outer loop
      vertex 10.2614 -18.6653 3
      vertex 9.0691 -19.2728 18
      vertex 10.2614 -18.6653 18
    endloop
  endfacet
  facet normal -0.453986 0.891009 0
    outer loop
      vertex 9.0691 -19.2728 18
      vertex 10.2614 -18.6653 3
      vertex 9.0691 -19.2728 3
    endloop
  endfacet
  facet normal -0.278978 -0.960297 0
    outer loop
      vertex 5.29709 20.6308 3
      vertex 6.58206 20.2575 18
      vertex 5.29709 20.6308 18
    endloop
  endfacet
  facet normal -0.278978 -0.960297 -0
    outer loop
      vertex 6.58206 20.2575 18
      vertex 5.29709 20.6308 3
      vertex 6.58206 20.2575 3
    endloop
  endfacet
  facet normal -0.0313878 -0.999507 0
    outer loop
      vertex 0 21.3 3
      vertex 1.33744 21.258 18
      vertex 0 21.3 18
    endloop
  endfacet
  facet normal -0.0313878 -0.999507 -0
    outer loop
      vertex 1.33744 21.258 18
      vertex 0 21.3 3
      vertex 1.33744 21.258 3
    endloop
  endfacet
  facet normal 0.995557 0.094163 0
    outer loop
      vertex -21.132 -2.6696 18
      vertex -21.258 -1.33744 3
      vertex -21.258 -1.33744 18
    endloop
  endfacet
  facet normal 0.995557 0.094163 0
    outer loop
      vertex -21.258 -1.33744 3
      vertex -21.132 -2.6696 18
      vertex -21.132 -2.6696 3
    endloop
  endfacet
  facet normal 0.790128 -0.612942 0
    outer loop
      vertex -17.2321 12.5198 18
      vertex -16.4119 13.5771 3
      vertex -16.4119 13.5771 18
    endloop
  endfacet
  facet normal 0.790128 -0.612942 0
    outer loop
      vertex -16.4119 13.5771 3
      vertex -17.2321 12.5198 18
      vertex -17.2321 12.5198 3
    endloop
  endfacet
  facet normal 0.278978 -0.960297 0
    outer loop
      vertex -6.58206 20.2575 3
      vertex -5.29709 20.6308 18
      vertex -6.58206 20.2575 18
    endloop
  endfacet
  facet normal 0.278978 -0.960297 0
    outer loop
      vertex -5.29709 20.6308 18
      vertex -6.58206 20.2575 3
      vertex -5.29709 20.6308 3
    endloop
  endfacet
  facet normal -0.891009 0.453986 0
    outer loop
      vertex 18.6653 -10.2614 3
      vertex 19.2728 -9.0691 18
      vertex 19.2728 -9.0691 3
    endloop
  endfacet
  facet normal -0.891009 0.453986 0
    outer loop
      vertex 19.2728 -9.0691 18
      vertex 18.6653 -10.2614 3
      vertex 18.6653 -10.2614 18
    endloop
  endfacet
  facet normal -0.987691 0.156417 0
    outer loop
      vertex 20.9227 -3.99122 3
      vertex 21.132 -2.6696 15
      vertex 21.132 -2.6696 3
    endloop
  endfacet
  facet normal -0.987691 0.156417 0
    outer loop
      vertex 21.132 -2.6696 15
      vertex 20.9227 -3.99122 3
      vertex 20.9227 -3.99122 15
    endloop
  endfacet
  facet normal 0.612942 -0.790128 0
    outer loop
      vertex -13.5771 16.4119 3
      vertex -12.5198 17.2321 15
      vertex -13.5771 16.4119 15
    endloop
  endfacet
  facet normal 0.612942 -0.790128 0
    outer loop
      vertex -12.5198 17.2321 15
      vertex -13.5771 16.4119 3
      vertex -12.5198 17.2321 3
    endloop
  endfacet
  facet normal -0.278978 0.960297 0
    outer loop
      vertex 6.58206 -20.2575 3
      vertex 5.29709 -20.6308 18
      vertex 6.58206 -20.2575 18
    endloop
  endfacet
  facet normal -0.278978 0.960297 0
    outer loop
      vertex 5.29709 -20.6308 18
      vertex 6.58206 -20.2575 3
      vertex 5.29709 -20.6308 3
    endloop
  endfacet
  facet normal -0.397132 -0.917761 0
    outer loop
      vertex 7.84105 19.8042 3
      vertex 9.0691 19.2728 18
      vertex 7.84105 19.8042 18
    endloop
  endfacet
  facet normal -0.397132 -0.917761 -0
    outer loop
      vertex 9.0691 19.2728 18
      vertex 7.84105 19.8042 3
      vertex 9.0691 19.2728 3
    endloop
  endfacet
  facet normal 0.917761 -0.397132 0
    outer loop
      vertex -19.8042 7.84105 18
      vertex -19.2728 9.0691 3
      vertex -19.2728 9.0691 18
    endloop
  endfacet
  facet normal 0.917761 -0.397132 0
    outer loop
      vertex -19.2728 9.0691 3
      vertex -19.8042 7.84105 18
      vertex -19.8042 7.84105 3
    endloop
  endfacet
  facet normal 0.278978 0.960297 -0
    outer loop
      vertex -5.29709 -20.6308 3
      vertex -6.58206 -20.2575 18
      vertex -5.29709 -20.6308 18
    endloop
  endfacet
  facet normal 0.278978 0.960297 0
    outer loop
      vertex -6.58206 -20.2575 18
      vertex -5.29709 -20.6308 3
      vertex -6.58206 -20.2575 3
    endloop
  endfacet
  facet normal 0.562077 0.827085 -0
    outer loop
      vertex -11.4131 -17.9842 3
      vertex -12.5198 -17.2321 15
      vertex -11.4131 -17.9842 15
    endloop
  endfacet
  facet normal 0.562077 0.827085 0
    outer loop
      vertex -12.5198 -17.2321 15
      vertex -11.4131 -17.9842 3
      vertex -12.5198 -17.2321 3
    endloop
  endfacet
  facet normal -0.750137 -0.661283 0
    outer loop
      vertex 16.4119 13.5771 3
      vertex 15.527 14.5809 18
      vertex 15.527 14.5809 3
    endloop
  endfacet
  facet normal -0.750137 -0.661283 0
    outer loop
      vertex 15.527 14.5809 18
      vertex 16.4119 13.5771 3
      vertex 16.4119 13.5771 18
    endloop
  endfacet
  facet normal 0.860746 -0.509034 0
    outer loop
      vertex -18.6653 10.2614 18
      vertex -17.9842 11.4131 3
      vertex -17.9842 11.4131 18
    endloop
  endfacet
  facet normal 0.860746 -0.509034 0
    outer loop
      vertex -17.9842 11.4131 3
      vertex -18.6653 10.2614 18
      vertex -18.6653 10.2614 3
    endloop
  endfacet
  facet normal -0.860746 -0.509034 0
    outer loop
      vertex 18.6653 10.2614 3
      vertex 17.9842 11.4131 18
      vertex 17.9842 11.4131 3
    endloop
  endfacet
  facet normal -0.860746 -0.509034 0
    outer loop
      vertex 17.9842 11.4131 18
      vertex 18.6653 10.2614 3
      vertex 18.6653 10.2614 18
    endloop
  endfacet
  facet normal -0.612942 0.790128 0
    outer loop
      vertex 13.5771 -16.4119 3
      vertex 12.5198 -17.2321 18
      vertex 13.5771 -16.4119 18
    endloop
  endfacet
  facet normal -0.612942 0.790128 0
    outer loop
      vertex 12.5198 -17.2321 18
      vertex 13.5771 -16.4119 3
      vertex 12.5198 -17.2321 3
    endloop
  endfacet
  facet normal 0.612942 0.790128 -0
    outer loop
      vertex -12.5198 -17.2321 3
      vertex -13.5771 -16.4119 15
      vertex -12.5198 -17.2321 15
    endloop
  endfacet
  facet normal 0.612942 0.790128 0
    outer loop
      vertex -13.5771 -16.4119 15
      vertex -12.5198 -17.2321 3
      vertex -13.5771 -16.4119 3
    endloop
  endfacet
  facet normal -0.453986 -0.891009 0
    outer loop
      vertex 9.0691 19.2728 3
      vertex 10.2614 18.6653 18
      vertex 9.0691 19.2728 18
    endloop
  endfacet
  facet normal -0.453986 -0.891009 -0
    outer loop
      vertex 10.2614 18.6653 18
      vertex 9.0691 19.2728 3
      vertex 10.2614 18.6653 3
    endloop
  endfacet
  facet normal -0.509034 0.860746 0
    outer loop
      vertex 11.4131 -17.9842 3
      vertex 10.2614 -18.6653 18
      vertex 11.4131 -17.9842 18
    endloop
  endfacet
  facet normal -0.509034 0.860746 0
    outer loop
      vertex 10.2614 -18.6653 18
      vertex 11.4131 -17.9842 3
      vertex 10.2614 -18.6653 3
    endloop
  endfacet
  facet normal -0.612942 -0.790128 0
    outer loop
      vertex 12.5198 17.2321 3
      vertex 13.5771 16.4119 18
      vertex 12.5198 17.2321 18
    endloop
  endfacet
  facet normal -0.612942 -0.790128 -0
    outer loop
      vertex 13.5771 16.4119 18
      vertex 12.5198 17.2321 3
      vertex 13.5771 16.4119 3
    endloop
  endfacet
  facet normal -0.509034 -0.860746 0
    outer loop
      vertex 10.2614 18.6653 3
      vertex 11.4131 17.9842 18
      vertex 10.2614 18.6653 18
    endloop
  endfacet
  facet normal -0.509034 -0.860746 -0
    outer loop
      vertex 11.4131 17.9842 18
      vertex 10.2614 18.6653 3
      vertex 11.4131 17.9842 3
    endloop
  endfacet
  facet normal -0.338762 0.940872 0
    outer loop
      vertex 7.84105 -19.8042 3
      vertex 6.58206 -20.2575 18
      vertex 7.84105 -19.8042 18
    endloop
  endfacet
  facet normal -0.338762 0.940872 0
    outer loop
      vertex 6.58206 -20.2575 18
      vertex 7.84105 -19.8042 3
      vertex 6.58206 -20.2575 3
    endloop
  endfacet
  facet normal 0.0313878 -0.999507 0
    outer loop
      vertex -1.33744 21.258 3
      vertex 0 21.3 18
      vertex -1.33744 21.258 18
    endloop
  endfacet
  facet normal 0.0313878 -0.999507 0
    outer loop
      vertex 0 21.3 18
      vertex -1.33744 21.258 3
      vertex 0 21.3 3
    endloop
  endfacet
  facet normal 0.218146 0.975916 -0
    outer loop
      vertex -3.99122 -20.9227 3
      vertex -5.29709 -20.6308 18
      vertex -3.99122 -20.9227 18
    endloop
  endfacet
  facet normal 0.218146 0.975916 0
    outer loop
      vertex -5.29709 -20.6308 18
      vertex -3.99122 -20.9227 3
      vertex -5.29709 -20.6308 3
    endloop
  endfacet
  facet normal -0.790128 0.612942 0
    outer loop
      vertex 16.4119 -13.5771 3
      vertex 17.2321 -12.5198 18
      vertex 17.2321 -12.5198 3
    endloop
  endfacet
  facet normal -0.790128 0.612942 0
    outer loop
      vertex 17.2321 -12.5198 18
      vertex 16.4119 -13.5771 3
      vertex 16.4119 -13.5771 18
    endloop
  endfacet
  facet normal 0.750137 0.661283 0
    outer loop
      vertex -15.527 -14.5809 18
      vertex -16.4119 -13.5771 3
      vertex -16.4119 -13.5771 18
    endloop
  endfacet
  facet normal 0.750137 0.661283 0
    outer loop
      vertex -16.4119 -13.5771 3
      vertex -15.527 -14.5809 18
      vertex -15.527 -14.5809 3
    endloop
  endfacet
  facet normal -0.960297 -0.278978 0
    outer loop
      vertex 20.6308 5.29709 3
      vertex 20.2575 6.58206 18
      vertex 20.2575 6.58206 3
    endloop
  endfacet
  facet normal -0.960297 -0.278978 0
    outer loop
      vertex 20.2575 6.58206 18
      vertex 20.6308 5.29709 3
      vertex 20.6308 5.29709 18
    endloop
  endfacet
  facet normal -0.0313878 0.999507 0
    outer loop
      vertex 1.33744 -21.258 3
      vertex 0 -21.3 18
      vertex 1.33744 -21.258 18
    endloop
  endfacet
  facet normal -0.0313878 0.999507 0
    outer loop
      vertex 0 -21.3 18
      vertex 1.33744 -21.258 3
      vertex 0 -21.3 3
    endloop
  endfacet
  facet normal -0.860746 0.509034 0
    outer loop
      vertex 17.9842 -11.4131 3
      vertex 18.6653 -10.2614 18
      vertex 18.6653 -10.2614 3
    endloop
  endfacet
  facet normal -0.860746 0.509034 0
    outer loop
      vertex 18.6653 -10.2614 18
      vertex 17.9842 -11.4131 3
      vertex 17.9842 -11.4131 18
    endloop
  endfacet
  facet normal -0.750137 0.661283 0
    outer loop
      vertex 15.527 -14.5809 3
      vertex 16.4119 -13.5771 18
      vertex 16.4119 -13.5771 3
    endloop
  endfacet
  facet normal -0.750137 0.661283 0
    outer loop
      vertex 16.4119 -13.5771 18
      vertex 15.527 -14.5809 3
      vertex 15.527 -14.5809 18
    endloop
  endfacet
  facet normal 0.156417 -0.987691 0
    outer loop
      vertex -3.99122 20.9227 3
      vertex -2.6696 21.132 18
      vertex -3.99122 20.9227 18
    endloop
  endfacet
  facet normal 0.156417 -0.987691 0
    outer loop
      vertex -2.6696 21.132 18
      vertex -3.99122 20.9227 3
      vertex -2.6696 21.132 3
    endloop
  endfacet
  facet normal 0.562077 -0.827085 0
    outer loop
      vertex -12.5198 17.2321 3
      vertex -11.4131 17.9842 15
      vertex -12.5198 17.2321 15
    endloop
  endfacet
  facet normal 0.562077 -0.827085 0
    outer loop
      vertex -11.4131 17.9842 15
      vertex -12.5198 17.2321 3
      vertex -11.4131 17.9842 3
    endloop
  endfacet
  facet normal 0.960297 -0.278978 0
    outer loop
      vertex -20.6308 5.29709 18
      vertex -20.2575 6.58206 3
      vertex -20.2575 6.58206 18
    endloop
  endfacet
  facet normal 0.960297 -0.278978 0
    outer loop
      vertex -20.2575 6.58206 3
      vertex -20.6308 5.29709 18
      vertex -20.6308 5.29709 3
    endloop
  endfacet
  facet normal 0.860746 0.509034 0
    outer loop
      vertex -17.9842 -11.4131 18
      vertex -18.6653 -10.2614 3
      vertex -18.6653 -10.2614 18
    endloop
  endfacet
  facet normal 0.860746 0.509034 0
    outer loop
      vertex -18.6653 -10.2614 3
      vertex -17.9842 -11.4131 18
      vertex -17.9842 -11.4131 3
    endloop
  endfacet
  facet normal -0.661283 -0.750137 0
    outer loop
      vertex 13.5771 16.4119 3
      vertex 14.5809 15.527 18
      vertex 13.5771 16.4119 18
    endloop
  endfacet
  facet normal -0.661283 -0.750137 -0
    outer loop
      vertex 14.5809 15.527 18
      vertex 13.5771 16.4119 3
      vertex 14.5809 15.527 3
    endloop
  endfacet
  facet normal -0.940872 -0.338762 0
    outer loop
      vertex 20.2575 6.58206 3
      vertex 19.8042 7.84105 18
      vertex 19.8042 7.84105 3
    endloop
  endfacet
  facet normal -0.940872 -0.338762 0
    outer loop
      vertex 19.8042 7.84105 18
      vertex 20.2575 6.58206 3
      vertex 20.2575 6.58206 18
    endloop
  endfacet
  facet normal 0.891009 0.453986 0
    outer loop
      vertex -18.6653 -10.2614 18
      vertex -19.2728 -9.0691 3
      vertex -19.2728 -9.0691 18
    endloop
  endfacet
  facet normal 0.891009 0.453986 0
    outer loop
      vertex -19.2728 -9.0691 3
      vertex -18.6653 -10.2614 18
      vertex -18.6653 -10.2614 3
    endloop
  endfacet
  facet normal -0.827085 0.562077 0
    outer loop
      vertex 17.2321 -12.5198 3
      vertex 17.9842 -11.4131 18
      vertex 17.9842 -11.4131 3
    endloop
  endfacet
  facet normal -0.827085 0.562077 0
    outer loop
      vertex 17.9842 -11.4131 18
      vertex 17.2321 -12.5198 3
      vertex 17.2321 -12.5198 18
    endloop
  endfacet
  facet normal 0.397132 -0.917761 0
    outer loop
      vertex -9.0691 19.2728 3
      vertex -7.84105 19.8042 15
      vertex -9.0691 19.2728 15
    endloop
  endfacet
  facet normal 0.397132 -0.917761 0
    outer loop
      vertex -7.84105 19.8042 15
      vertex -9.0691 19.2728 3
      vertex -7.84105 19.8042 3
    endloop
  endfacet
  facet normal 0.707107 0.707107 0
    outer loop
      vertex -14.5809 -15.527 18
      vertex -15.527 -14.5809 3
      vertex -15.527 -14.5809 18
    endloop
  endfacet
  facet normal 0.707107 0.707107 0
    outer loop
      vertex -15.527 -14.5809 3
      vertex -14.5809 -15.527 18
      vertex -14.5809 -15.527 3
    endloop
  endfacet
  facet normal -0.960297 0.278978 0
    outer loop
      vertex 20.2575 -6.58206 3
      vertex 20.6308 -5.29709 18
      vertex 20.6308 -5.29709 3
    endloop
  endfacet
  facet normal -0.960297 0.278978 0
    outer loop
      vertex 20.6308 -5.29709 18
      vertex 20.2575 -6.58206 3
      vertex 20.2575 -6.58206 18
    endloop
  endfacet
  facet normal 0.156417 0.987691 -0
    outer loop
      vertex -2.6696 -21.132 3
      vertex -3.99122 -20.9227 18
      vertex -2.6696 -21.132 18
    endloop
  endfacet
  facet normal 0.156417 0.987691 0
    outer loop
      vertex -3.99122 -20.9227 18
      vertex -2.6696 -21.132 3
      vertex -3.99122 -20.9227 3
    endloop
  endfacet
  facet normal -0.827085 -0.562077 0
    outer loop
      vertex 17.9842 11.4131 3
      vertex 17.2321 12.5198 18
      vertex 17.2321 12.5198 3
    endloop
  endfacet
  facet normal -0.827085 -0.562077 0
    outer loop
      vertex 17.2321 12.5198 18
      vertex 17.9842 11.4131 3
      vertex 17.9842 11.4131 18
    endloop
  endfacet
  facet normal -0.995557 0.094163 0
    outer loop
      vertex 21.132 -2.6696 3
      vertex 21.258 -1.33744 15
      vertex 21.258 -1.33744 3
    endloop
  endfacet
  facet normal -0.995557 0.094163 0
    outer loop
      vertex 21.258 -1.33744 15
      vertex 21.132 -2.6696 3
      vertex 21.132 -2.6696 15
    endloop
  endfacet
  facet normal -0.917761 -0.397132 0
    outer loop
      vertex 19.8042 7.84105 3
      vertex 19.2728 9.0691 18
      vertex 19.2728 9.0691 3
    endloop
  endfacet
  facet normal -0.917761 -0.397132 0
    outer loop
      vertex 19.2728 9.0691 18
      vertex 19.8042 7.84105 3
      vertex 19.8042 7.84105 18
    endloop
  endfacet
  facet normal -0.338762 -0.940872 0
    outer loop
      vertex 6.58206 20.2575 3
      vertex 7.84105 19.8042 18
      vertex 6.58206 20.2575 18
    endloop
  endfacet
  facet normal -0.338762 -0.940872 -0
    outer loop
      vertex 7.84105 19.8042 18
      vertex 6.58206 20.2575 3
      vertex 7.84105 19.8042 3
    endloop
  endfacet
  facet normal 0.995557 -0.094163 0
    outer loop
      vertex -21.258 1.33744 18
      vertex -21.132 2.6696 3
      vertex -21.132 2.6696 18
    endloop
  endfacet
  facet normal 0.995557 -0.094163 0
    outer loop
      vertex -21.132 2.6696 3
      vertex -21.258 1.33744 18
      vertex -21.258 1.33744 3
    endloop
  endfacet
  facet normal -0.661283 0.750137 0
    outer loop
      vertex 14.5809 -15.527 3
      vertex 13.5771 -16.4119 18
      vertex 14.5809 -15.527 18
    endloop
  endfacet
  facet normal -0.661283 0.750137 0
    outer loop
      vertex 13.5771 -16.4119 18
      vertex 14.5809 -15.527 3
      vertex 13.5771 -16.4119 3
    endloop
  endfacet
  facet normal 0.453986 0.891009 -0
    outer loop
      vertex -9.0691 -19.2728 3
      vertex -10.2614 -18.6653 15
      vertex -9.0691 -19.2728 15
    endloop
  endfacet
  facet normal 0.453986 0.891009 0
    outer loop
      vertex -10.2614 -18.6653 15
      vertex -9.0691 -19.2728 3
      vertex -10.2614 -18.6653 3
    endloop
  endfacet
  facet normal -0.707107 -0.707107 0
    outer loop
      vertex 15.527 14.5809 3
      vertex 14.5809 15.527 18
      vertex 14.5809 15.527 3
    endloop
  endfacet
  facet normal -0.707107 -0.707107 0
    outer loop
      vertex 14.5809 15.527 18
      vertex 15.527 14.5809 3
      vertex 15.527 14.5809 18
    endloop
  endfacet
  facet normal -0.397132 0.917761 0
    outer loop
      vertex 9.0691 -19.2728 3
      vertex 7.84105 -19.8042 18
      vertex 9.0691 -19.2728 18
    endloop
  endfacet
  facet normal -0.397132 0.917761 0
    outer loop
      vertex 7.84105 -19.8042 18
      vertex 9.0691 -19.2728 3
      vertex 7.84105 -19.8042 3
    endloop
  endfacet
  facet normal 0.750137 -0.661283 0
    outer loop
      vertex -16.4119 13.5771 18
      vertex -15.527 14.5809 3
      vertex -15.527 14.5809 18
    endloop
  endfacet
  facet normal 0.750137 -0.661283 0
    outer loop
      vertex -15.527 14.5809 3
      vertex -16.4119 13.5771 18
      vertex -16.4119 13.5771 3
    endloop
  endfacet
  facet normal -0.562077 -0.827085 0
    outer loop
      vertex 11.4131 17.9842 3
      vertex 12.5198 17.2321 18
      vertex 11.4131 17.9842 18
    endloop
  endfacet
  facet normal -0.562077 -0.827085 -0
    outer loop
      vertex 12.5198 17.2321 18
      vertex 11.4131 17.9842 3
      vertex 12.5198 17.2321 3
    endloop
  endfacet
  facet normal -0.707107 0.707107 0
    outer loop
      vertex 14.5809 -15.527 3
      vertex 15.527 -14.5809 18
      vertex 15.527 -14.5809 3
    endloop
  endfacet
  facet normal -0.707107 0.707107 0
    outer loop
      vertex 15.527 -14.5809 18
      vertex 14.5809 -15.527 3
      vertex 14.5809 -15.527 18
    endloop
  endfacet
  facet normal -0.987691 -0.156417 0
    outer loop
      vertex 21.132 2.6696 3
      vertex 20.9227 3.99122 15
      vertex 20.9227 3.99122 3
    endloop
  endfacet
  facet normal -0.987691 -0.156417 0
    outer loop
      vertex 20.9227 3.99122 15
      vertex 21.132 2.6696 3
      vertex 21.132 2.6696 15
    endloop
  endfacet
  facet normal 0.707107 -0.707107 0
    outer loop
      vertex -15.527 14.5809 18
      vertex -14.5809 15.527 3
      vertex -14.5809 15.527 18
    endloop
  endfacet
  facet normal 0.707107 -0.707107 0
    outer loop
      vertex -14.5809 15.527 3
      vertex -15.527 14.5809 18
      vertex -15.527 14.5809 3
    endloop
  endfacet
  facet normal 0.218146 -0.975916 0
    outer loop
      vertex -5.29709 20.6308 3
      vertex -3.99122 20.9227 18
      vertex -5.29709 20.6308 18
    endloop
  endfacet
  facet normal 0.218146 -0.975916 0
    outer loop
      vertex -3.99122 20.9227 18
      vertex -5.29709 20.6308 3
      vertex -3.99122 20.9227 3
    endloop
  endfacet
  facet normal 0.453986 -0.891009 0
    outer loop
      vertex -10.2614 18.6653 3
      vertex -9.0691 19.2728 15
      vertex -10.2614 18.6653 15
    endloop
  endfacet
  facet normal 0.453986 -0.891009 0
    outer loop
      vertex -9.0691 19.2728 15
      vertex -10.2614 18.6653 3
      vertex -9.0691 19.2728 3
    endloop
  endfacet
  facet normal 0.33876 -0.940873 0
    outer loop
      vertex -7.84105 19.8042 15
      vertex -7.84105 19.8042 3
      vertex -6.99172 20.11 15
    endloop
  endfacet
  facet normal 0.338765 -0.940871 0
    outer loop
      vertex -6.99172 20.11 15
      vertex -6.58206 20.2575 18
      vertex -6.99172 20.11 18
    endloop
  endfacet
  facet normal 0.338762 -0.940872 -1.33709e-07
    outer loop
      vertex -6.58206 20.2575 3
      vertex -6.99172 20.11 15
      vertex -7.84105 19.8042 3
    endloop
  endfacet
  facet normal 0.338765 -0.940871 0
    outer loop
      vertex -6.99172 20.11 15
      vertex -6.58206 20.2575 3
      vertex -6.58206 20.2575 18
    endloop
  endfacet
  facet normal 0.987691 -0.156417 0
    outer loop
      vertex -21.132 2.6696 18
      vertex -20.9227 3.99122 3
      vertex -20.9227 3.99122 18
    endloop
  endfacet
  facet normal 0.987691 -0.156417 0
    outer loop
      vertex -20.9227 3.99122 3
      vertex -21.132 2.6696 18
      vertex -21.132 2.6696 3
    endloop
  endfacet
  facet normal 0.960297 0.278978 0
    outer loop
      vertex -20.2575 -6.58206 18
      vertex -20.6308 -5.29709 3
      vertex -20.6308 -5.29709 18
    endloop
  endfacet
  facet normal 0.960297 0.278978 0
    outer loop
      vertex -20.6308 -5.29709 3
      vertex -20.2575 -6.58206 18
      vertex -20.2575 -6.58206 3
    endloop
  endfacet
  facet normal 0.094163 0.995557 -0
    outer loop
      vertex -1.33744 -21.258 3
      vertex -2.6696 -21.132 18
      vertex -1.33744 -21.258 18
    endloop
  endfacet
  facet normal 0.094163 0.995557 0
    outer loop
      vertex -2.6696 -21.132 18
      vertex -1.33744 -21.258 3
      vertex -2.6696 -21.132 3
    endloop
  endfacet
  facet normal 0.0313878 0.999507 -0
    outer loop
      vertex 0 -21.3 3
      vertex -1.33744 -21.258 18
      vertex 0 -21.3 18
    endloop
  endfacet
  facet normal 0.0313878 0.999507 0
    outer loop
      vertex -1.33744 -21.258 18
      vertex 0 -21.3 3
      vertex -1.33744 -21.258 3
    endloop
  endfacet
  facet normal 0.940872 0.338762 0
    outer loop
      vertex -19.8042 -7.84105 18
      vertex -20.2575 -6.58206 3
      vertex -20.2575 -6.58206 18
    endloop
  endfacet
  facet normal 0.940872 0.338762 0
    outer loop
      vertex -20.2575 -6.58206 3
      vertex -19.8042 -7.84105 18
      vertex -19.8042 -7.84105 3
    endloop
  endfacet
  facet normal 0.975916 -0.218146 0
    outer loop
      vertex -20.9227 3.99122 18
      vertex -20.6308 5.29709 3
      vertex -20.6308 5.29709 18
    endloop
  endfacet
  facet normal 0.975916 -0.218146 0
    outer loop
      vertex -20.6308 5.29709 3
      vertex -20.9227 3.99122 18
      vertex -20.9227 3.99122 3
    endloop
  endfacet
  facet normal -0.977377 0.211505 0
    outer loop
      vertex 20.9227 -3.99122 3
      vertex 20.9208 -4 15
      vertex 20.9227 -3.99122 15
    endloop
  endfacet
  facet normal -0.975916 0.218146 5.08988e-06
    outer loop
      vertex 20.6308 -5.29709 3
      vertex 20.9208 -4 15
      vertex 20.9227 -3.99122 3
    endloop
  endfacet
  facet normal -0.975906 0.218191 0
    outer loop
      vertex 20.6308 -5.29709 18
      vertex 20.9208 -4 15
      vertex 20.6308 -5.29709 3
    endloop
  endfacet
  facet normal -0.975906 0.218191 0
    outer loop
      vertex 20.9208 -4 15
      vertex 20.6308 -5.29709 18
      vertex 20.9208 -4 18
    endloop
  endfacet
  facet normal 0 0 1
    outer loop
      vertex 20.5 0 3
      vertex 21.3 0 3
      vertex 21.258 1.33744 3
    endloop
  endfacet
  facet normal 0 0 1
    outer loop
      vertex 20.4595 1.2872 3
      vertex 21.258 1.33744 3
      vertex 21.132 2.6696 3
    endloop
  endfacet
  facet normal 0 0 1
    outer loop
      vertex 21.3 0 3
      vertex 20.5 0 3
      vertex 21.258 -1.33744 3
    endloop
  endfacet
  facet normal 0 0 1
    outer loop
      vertex 20.3384 2.56933 3
      vertex 21.132 2.6696 3
      vertex 20.9227 3.99122 3
    endloop
  endfacet
  facet normal -0 0 1
    outer loop
      vertex 20.4595 -1.2872 3
      vertex 21.258 -1.33744 3
      vertex 20.5 0 3
    endloop
  endfacet
  facet normal 0 0 1
    outer loop
      vertex 20.1369 3.84132 3
      vertex 20.9227 3.99122 3
      vertex 20.6308 5.29709 3
    endloop
  endfacet
  facet normal 0 0 1
    outer loop
      vertex 21.258 -1.33744 3
      vertex 20.4595 -1.2872 3
      vertex 21.132 -2.6696 3
    endloop
  endfacet
  facet normal -0 0 1
    outer loop
      vertex 20.3384 -2.56933 3
      vertex 21.132 -2.6696 3
      vertex 20.4595 -1.2872 3
    endloop
  endfacet
  facet normal 0 0 1
    outer loop
      vertex 21.258 1.33744 3
      vertex 20.4595 1.2872 3
      vertex 20.5 0 3
    endloop
  endfacet
  facet normal 0 0 1
    outer loop
      vertex 21.132 2.6696 3
      vertex 20.3384 2.56933 3
      vertex 20.4595 1.2872 3
    endloop
  endfacet
  facet normal 0 0 1
    outer loop
      vertex 19.856 5.09814 3
      vertex 20.6308 5.29709 3
      vertex 20.2575 6.58206 3
    endloop
  endfacet
  facet normal 0 0 1
    outer loop
      vertex 20.9227 3.99122 3
      vertex 20.1369 3.84132 3
      vertex 20.3384 2.56933 3
    endloop
  endfacet
  facet normal 0 0 1
    outer loop
      vertex 20.6308 5.29709 3
      vertex 19.856 5.09814 3
      vertex 20.1369 3.84132 3
    endloop
  endfacet
  facet normal 0 0 1
    outer loop
      vertex 19.4967 6.33485 3
      vertex 20.2575 6.58206 3
      vertex 19.8042 7.84105 3
    endloop
  endfacet
  facet normal 0 0 1
    outer loop
      vertex 20.2575 6.58206 3
      vertex 19.4967 6.33485 3
      vertex 19.856 5.09814 3
    endloop
  endfacet
  facet normal 0 0 1
    outer loop
      vertex 19.0604 7.54655 3
      vertex 19.8042 7.84105 3
      vertex 19.2728 9.0691 3
    endloop
  endfacet
  facet normal 0 0 1
    outer loop
      vertex 19.8042 7.84105 3
      vertex 19.0604 7.54655 3
      vertex 19.4967 6.33485 3
    endloop
  endfacet
  facet normal 0 0 1
    outer loop
      vertex 18.549 8.72847 3
      vertex 19.2728 9.0691 3
      vertex 18.6653 10.2614 3
    endloop
  endfacet
  facet normal 0 0 1
    outer loop
      vertex 19.2728 9.0691 3
      vertex 18.549 8.72847 3
      vertex 19.0604 7.54655 3
    endloop
  endfacet
  facet normal 0 0 1
    outer loop
      vertex 17.9643 9.87595 3
      vertex 18.6653 10.2614 3
      vertex 17.9842 11.4131 3
    endloop
  endfacet
  facet normal 0 0 1
    outer loop
      vertex 18.6653 10.2614 3
      vertex 17.9643 9.87595 3
      vertex 18.549 8.72847 3
    endloop
  endfacet
  facet normal 0 0 1
    outer loop
      vertex 17.9842 11.4131 3
      vertex 17.3087 10.9844 3
      vertex 17.9643 9.87595 3
    endloop
  endfacet
  facet normal 0 0 1
    outer loop
      vertex 17.2321 12.5198 3
      vertex 17.3087 10.9844 3
      vertex 17.9842 11.4131 3
    endloop
  endfacet
  facet normal 0 0 1
    outer loop
      vertex 17.2321 12.5198 3
      vertex 16.5848 12.0496 3
      vertex 17.3087 10.9844 3
    endloop
  endfacet
  facet normal 0 0 1
    outer loop
      vertex 16.4119 13.5771 3
      vertex 16.5848 12.0496 3
      vertex 17.2321 12.5198 3
    endloop
  endfacet
  facet normal 0 0 1
    outer loop
      vertex 16.4119 13.5771 3
      vertex 15.7955 13.0672 3
      vertex 16.5848 12.0496 3
    endloop
  endfacet
  facet normal 0 0 1
    outer loop
      vertex 15.527 14.5809 3
      vertex 15.7955 13.0672 3
      vertex 16.4119 13.5771 3
    endloop
  endfacet
  facet normal 0 0 1
    outer loop
      vertex 15.527 14.5809 3
      vertex 14.9439 14.0332 3
      vertex 15.7955 13.0672 3
    endloop
  endfacet
  facet normal 0 0 1
    outer loop
      vertex 14.5809 15.527 3
      vertex 14.9439 14.0332 3
      vertex 15.527 14.5809 3
    endloop
  endfacet
  facet normal 0 0 1
    outer loop
      vertex 14.5809 15.527 3
      vertex 14.0332 14.9439 3
      vertex 14.9439 14.0332 3
    endloop
  endfacet
  facet normal 0 0 1
    outer loop
      vertex 13.5771 16.4119 3
      vertex 14.0332 14.9439 3
      vertex 14.5809 15.527 3
    endloop
  endfacet
  facet normal 0 0 1
    outer loop
      vertex 13.5771 16.4119 3
      vertex 13.0672 15.7955 3
      vertex 14.0332 14.9439 3
    endloop
  endfacet
  facet normal 0 0 1
    outer loop
      vertex 12.5198 17.2321 3
      vertex 13.0672 15.7955 3
      vertex 13.5771 16.4119 3
    endloop
  endfacet
  facet normal 0 0 1
    outer loop
      vertex 12.5198 17.2321 3
      vertex 12.0496 16.5848 3
      vertex 13.0672 15.7955 3
    endloop
  endfacet
  facet normal 0 0 1
    outer loop
      vertex 11.4131 17.9842 3
      vertex 12.0496 16.5848 3
      vertex 12.5198 17.2321 3
    endloop
  endfacet
  facet normal 0 0 1
    outer loop
      vertex 11.4131 17.9842 3
      vertex 10.9844 17.3087 3
      vertex 12.0496 16.5848 3
    endloop
  endfacet
  facet normal 0 0 1
    outer loop
      vertex 10.2614 18.6653 3
      vertex 10.9844 17.3087 3
      vertex 11.4131 17.9842 3
    endloop
  endfacet
  facet normal 0 0 1
    outer loop
      vertex 10.2614 18.6653 3
      vertex 9.87595 17.9643 3
      vertex 10.9844 17.3087 3
    endloop
  endfacet
  facet normal 0 0 1
    outer loop
      vertex 9.0691 19.2728 3
      vertex 9.87595 17.9643 3
      vertex 10.2614 18.6653 3
    endloop
  endfacet
  facet normal 0 0 1
    outer loop
      vertex 9.0691 19.2728 3
      vertex 8.72847 18.549 3
      vertex 9.87595 17.9643 3
    endloop
  endfacet
  facet normal 0 0 1
    outer loop
      vertex 7.84105 19.8042 3
      vertex 8.72847 18.549 3
      vertex 9.0691 19.2728 3
    endloop
  endfacet
  facet normal 0 0 1
    outer loop
      vertex 7.84105 19.8042 3
      vertex 7.54655 19.0604 3
      vertex 8.72847 18.549 3
    endloop
  endfacet
  facet normal 0 0 1
    outer loop
      vertex 6.58206 20.2575 3
      vertex 7.54655 19.0604 3
      vertex 7.84105 19.8042 3
    endloop
  endfacet
  facet normal 0 0 1
    outer loop
      vertex 6.58206 20.2575 3
      vertex 6.33485 19.4967 3
      vertex 7.54655 19.0604 3
    endloop
  endfacet
  facet normal 0 0 1
    outer loop
      vertex 5.29709 20.6308 3
      vertex 6.33485 19.4967 3
      vertex 6.58206 20.2575 3
    endloop
  endfacet
  facet normal 0 0 1
    outer loop
      vertex 5.29709 20.6308 3
      vertex 5.09814 19.856 3
      vertex 6.33485 19.4967 3
    endloop
  endfacet
  facet normal 0 0 1
    outer loop
      vertex 3.99122 20.9227 3
      vertex 5.09814 19.856 3
      vertex 5.29709 20.6308 3
    endloop
  endfacet
  facet normal 0 0 1
    outer loop
      vertex 3.99122 20.9227 3
      vertex 3.84132 20.1369 3
      vertex 5.09814 19.856 3
    endloop
  endfacet
  facet normal 0 0 1
    outer loop
      vertex 2.6696 21.132 3
      vertex 3.84132 20.1369 3
      vertex 3.99122 20.9227 3
    endloop
  endfacet
  facet normal 0 0 1
    outer loop
      vertex 2.6696 21.132 3
      vertex 2.56933 20.3384 3
      vertex 3.84132 20.1369 3
    endloop
  endfacet
  facet normal 0 0 1
    outer loop
      vertex 1.33744 21.258 3
      vertex 2.56933 20.3384 3
      vertex 2.6696 21.132 3
    endloop
  endfacet
  facet normal 0 0 1
    outer loop
      vertex 1.33744 21.258 3
      vertex 1.2872 20.4595 3
      vertex 2.56933 20.3384 3
    endloop
  endfacet
  facet normal 0 0 1
    outer loop
      vertex 0 21.3 3
      vertex 1.2872 20.4595 3
      vertex 1.33744 21.258 3
    endloop
  endfacet
  facet normal 0 0 1
    outer loop
      vertex 0 21.3 3
      vertex 0 20.5 3
      vertex 1.2872 20.4595 3
    endloop
  endfacet
  facet normal 0 0 1
    outer loop
      vertex 0 21.3 3
      vertex -1.2872 20.4595 3
      vertex 0 20.5 3
    endloop
  endfacet
  facet normal -0 0 1
    outer loop
      vertex -1.33744 21.258 3
      vertex -1.2872 20.4595 3
      vertex 0 21.3 3
    endloop
  endfacet
  facet normal 0 0 1
    outer loop
      vertex -1.33744 21.258 3
      vertex -2.56933 20.3384 3
      vertex -1.2872 20.4595 3
    endloop
  endfacet
  facet normal -0 0 1
    outer loop
      vertex -2.6696 21.132 3
      vertex -2.56933 20.3384 3
      vertex -1.33744 21.258 3
    endloop
  endfacet
  facet normal 0 0 1
    outer loop
      vertex -2.6696 21.132 3
      vertex -3.84132 20.1369 3
      vertex -2.56933 20.3384 3
    endloop
  endfacet
  facet normal -0 0 1
    outer loop
      vertex -3.99122 20.9227 3
      vertex -3.84132 20.1369 3
      vertex -2.6696 21.132 3
    endloop
  endfacet
  facet normal 0 0 1
    outer loop
      vertex -3.99122 20.9227 3
      vertex -5.09814 19.856 3
      vertex -3.84132 20.1369 3
    endloop
  endfacet
  facet normal -0 0 1
    outer loop
      vertex -5.29709 20.6308 3
      vertex -5.09814 19.856 3
      vertex -3.99122 20.9227 3
    endloop
  endfacet
  facet normal 0 0 1
    outer loop
      vertex -5.29709 20.6308 3
      vertex -6.33485 19.4967 3
      vertex -5.09814 19.856 3
    endloop
  endfacet
  facet normal -0 0 1
    outer loop
      vertex -6.58206 20.2575 3
      vertex -6.33485 19.4967 3
      vertex -5.29709 20.6308 3
    endloop
  endfacet
  facet normal 0 0 1
    outer loop
      vertex -6.58206 20.2575 3
      vertex -7.54655 19.0604 3
      vertex -6.33485 19.4967 3
    endloop
  endfacet
  facet normal -0 0 1
    outer loop
      vertex -7.84105 19.8042 3
      vertex -7.54655 19.0604 3
      vertex -6.58206 20.2575 3
    endloop
  endfacet
  facet normal 0 0 1
    outer loop
      vertex -7.84105 19.8042 3
      vertex -8.72847 18.549 3
      vertex -7.54655 19.0604 3
    endloop
  endfacet
  facet normal -0 0 1
    outer loop
      vertex -9.0691 19.2728 3
      vertex -8.72847 18.549 3
      vertex -7.84105 19.8042 3
    endloop
  endfacet
  facet normal 0 0 1
    outer loop
      vertex -9.0691 19.2728 3
      vertex -9.87595 17.9643 3
      vertex -8.72847 18.549 3
    endloop
  endfacet
  facet normal -0 0 1
    outer loop
      vertex -10.2614 18.6653 3
      vertex -9.87595 17.9643 3
      vertex -9.0691 19.2728 3
    endloop
  endfacet
  facet normal 0 0 1
    outer loop
      vertex -10.2614 18.6653 3
      vertex -10.9844 17.3087 3
      vertex -9.87595 17.9643 3
    endloop
  endfacet
  facet normal -0 0 1
    outer loop
      vertex -11.4131 17.9842 3
      vertex -10.9844 17.3087 3
      vertex -10.2614 18.6653 3
    endloop
  endfacet
  facet normal 0 0 1
    outer loop
      vertex -11.4131 17.9842 3
      vertex -12.0496 16.5848 3
      vertex -10.9844 17.3087 3
    endloop
  endfacet
  facet normal -0 0 1
    outer loop
      vertex -12.5198 17.2321 3
      vertex -12.0496 16.5848 3
      vertex -11.4131 17.9842 3
    endloop
  endfacet
  facet normal 0 0 1
    outer loop
      vertex -12.5198 17.2321 3
      vertex -13.0672 15.7955 3
      vertex -12.0496 16.5848 3
    endloop
  endfacet
  facet normal -0 0 1
    outer loop
      vertex -13.5771 16.4119 3
      vertex -13.0672 15.7955 3
      vertex -12.5198 17.2321 3
    endloop
  endfacet
  facet normal 0 0 1
    outer loop
      vertex -13.5771 16.4119 3
      vertex -14.0332 14.9439 3
      vertex -13.0672 15.7955 3
    endloop
  endfacet
  facet normal -0 0 1
    outer loop
      vertex -14.5809 15.527 3
      vertex -14.0332 14.9439 3
      vertex -13.5771 16.4119 3
    endloop
  endfacet
  facet normal 0 0 1
    outer loop
      vertex -14.5809 15.527 3
      vertex -14.9439 14.0332 3
      vertex -14.0332 14.9439 3
    endloop
  endfacet
  facet normal -0 0 1
    outer loop
      vertex -15.527 14.5809 3
      vertex -14.9439 14.0332 3
      vertex -14.5809 15.527 3
    endloop
  endfacet
  facet normal 0 0 1
    outer loop
      vertex -15.527 14.5809 3
      vertex -15.7955 13.0672 3
      vertex -14.9439 14.0332 3
    endloop
  endfacet
  facet normal -0 0 1
    outer loop
      vertex -16.4119 13.5771 3
      vertex -15.7955 13.0672 3
      vertex -15.527 14.5809 3
    endloop
  endfacet
  facet normal 0 0 1
    outer loop
      vertex -16.4119 13.5771 3
      vertex -16.5848 12.0496 3
      vertex -15.7955 13.0672 3
    endloop
  endfacet
  facet normal -0 0 1
    outer loop
      vertex -17.2321 12.5198 3
      vertex -16.5848 12.0496 3
      vertex -16.4119 13.5771 3
    endloop
  endfacet
  facet normal 0 0 1
    outer loop
      vertex -17.2321 12.5198 3
      vertex -17.3087 10.9844 3
      vertex -16.5848 12.0496 3
    endloop
  endfacet
  facet normal -0 0 1
    outer loop
      vertex -17.9842 11.4131 3
      vertex -17.3087 10.9844 3
      vertex -17.2321 12.5198 3
    endloop
  endfacet
  facet normal 0 0 1
    outer loop
      vertex -17.3087 10.9844 3
      vertex -17.9842 11.4131 3
      vertex -17.9643 9.87595 3
    endloop
  endfacet
  facet normal -0 0 1
    outer loop
      vertex -18.6653 10.2614 3
      vertex -17.9643 9.87595 3
      vertex -17.9842 11.4131 3
    endloop
  endfacet
  facet normal 0 0 1
    outer loop
      vertex -17.9643 9.87595 3
      vertex -18.6653 10.2614 3
      vertex -18.549 8.72847 3
    endloop
  endfacet
  facet normal -0 0 1
    outer loop
      vertex -19.2728 9.0691 3
      vertex -18.549 8.72847 3
      vertex -18.6653 10.2614 3
    endloop
  endfacet
  facet normal 0 0 1
    outer loop
      vertex -18.549 8.72847 3
      vertex -19.2728 9.0691 3
      vertex -19.0604 7.54655 3
    endloop
  endfacet
  facet normal -0 0 1
    outer loop
      vertex -19.8042 7.84105 3
      vertex -19.0604 7.54655 3
      vertex -19.2728 9.0691 3
    endloop
  endfacet
  facet normal 0 0 1
    outer loop
      vertex -19.0604 7.54655 3
      vertex -19.8042 7.84105 3
      vertex -19.4967 6.33485 3
    endloop
  endfacet
  facet normal -0 0 1
    outer loop
      vertex -20.2575 6.58206 3
      vertex -19.4967 6.33485 3
      vertex -19.8042 7.84105 3
    endloop
  endfacet
  facet normal 0 0 1
    outer loop
      vertex -19.4967 6.33485 3
      vertex -20.2575 6.58206 3
      vertex -19.856 5.09814 3
    endloop
  endfacet
  facet normal -0 0 1
    outer loop
      vertex -20.6308 5.29709 3
      vertex -19.856 5.09814 3
      vertex -20.2575 6.58206 3
    endloop
  endfacet
  facet normal 0 0 1
    outer loop
      vertex -19.856 5.09814 3
      vertex -20.6308 5.29709 3
      vertex -20.1369 3.84132 3
    endloop
  endfacet
  facet normal -0 0 1
    outer loop
      vertex -20.9227 3.99122 3
      vertex -20.1369 3.84132 3
      vertex -20.6308 5.29709 3
    endloop
  endfacet
  facet normal -0 0 1
    outer loop
      vertex -21.132 2.6696 3
      vertex -20.3384 2.56933 3
      vertex -20.9227 3.99122 3
    endloop
  endfacet
  facet normal 0 0 1
    outer loop
      vertex -20.1369 3.84132 3
      vertex -20.9227 3.99122 3
      vertex -20.3384 2.56933 3
    endloop
  endfacet
  facet normal 0 0 1
    outer loop
      vertex 21.132 -2.6696 3
      vertex 20.3384 -2.56933 3
      vertex 20.9227 -3.99122 3
    endloop
  endfacet
  facet normal -0 0 1
    outer loop
      vertex 20.1369 -3.84132 3
      vertex 20.9227 -3.99122 3
      vertex 20.3384 -2.56933 3
    endloop
  endfacet
  facet normal 0 0 1
    outer loop
      vertex 20.9227 -3.99122 3
      vertex 20.1369 -3.84132 3
      vertex 20.6308 -5.29709 3
    endloop
  endfacet
  facet normal -0 0 1
    outer loop
      vertex 19.856 -5.09814 3
      vertex 20.6308 -5.29709 3
      vertex 20.1369 -3.84132 3
    endloop
  endfacet
  facet normal 0 0 1
    outer loop
      vertex 20.6308 -5.29709 3
      vertex 19.856 -5.09814 3
      vertex 20.2575 -6.58206 3
    endloop
  endfacet
  facet normal -0 0 1
    outer loop
      vertex 19.4967 -6.33485 3
      vertex 20.2575 -6.58206 3
      vertex 19.856 -5.09814 3
    endloop
  endfacet
  facet normal 0 0 1
    outer loop
      vertex 20.2575 -6.58206 3
      vertex 19.4967 -6.33485 3
      vertex 19.8042 -7.84105 3
    endloop
  endfacet
  facet normal -0 0 1
    outer loop
      vertex 19.0604 -7.54655 3
      vertex 19.8042 -7.84105 3
      vertex 19.4967 -6.33485 3
    endloop
  endfacet
  facet normal 0 0 1
    outer loop
      vertex 19.8042 -7.84105 3
      vertex 19.0604 -7.54655 3
      vertex 19.2728 -9.0691 3
    endloop
  endfacet
  facet normal -0 0 1
    outer loop
      vertex 18.549 -8.72847 3
      vertex 19.2728 -9.0691 3
      vertex 19.0604 -7.54655 3
    endloop
  endfacet
  facet normal 0 0 1
    outer loop
      vertex 19.2728 -9.0691 3
      vertex 18.549 -8.72847 3
      vertex 18.6653 -10.2614 3
    endloop
  endfacet
  facet normal -0 0 1
    outer loop
      vertex 17.9643 -9.87595 3
      vertex 18.6653 -10.2614 3
      vertex 18.549 -8.72847 3
    endloop
  endfacet
  facet normal 0 0 1
    outer loop
      vertex 18.6653 -10.2614 3
      vertex 17.9643 -9.87595 3
      vertex 17.9842 -11.4131 3
    endloop
  endfacet
  facet normal -0 0 1
    outer loop
      vertex 17.3087 -10.9844 3
      vertex 17.9842 -11.4131 3
      vertex 17.9643 -9.87595 3
    endloop
  endfacet
  facet normal 0 0 1
    outer loop
      vertex 17.3087 -10.9844 3
      vertex 17.2321 -12.5198 3
      vertex 17.9842 -11.4131 3
    endloop
  endfacet
  facet normal -0 0 1
    outer loop
      vertex 16.5848 -12.0496 3
      vertex 17.2321 -12.5198 3
      vertex 17.3087 -10.9844 3
    endloop
  endfacet
  facet normal 0 0 1
    outer loop
      vertex 16.5848 -12.0496 3
      vertex 16.4119 -13.5771 3
      vertex 17.2321 -12.5198 3
    endloop
  endfacet
  facet normal -0 0 1
    outer loop
      vertex 15.7955 -13.0672 3
      vertex 16.4119 -13.5771 3
      vertex 16.5848 -12.0496 3
    endloop
  endfacet
  facet normal 0 0 1
    outer loop
      vertex 15.7955 -13.0672 3
      vertex 15.527 -14.5809 3
      vertex 16.4119 -13.5771 3
    endloop
  endfacet
  facet normal -0 0 1
    outer loop
      vertex 14.9439 -14.0332 3
      vertex 15.527 -14.5809 3
      vertex 15.7955 -13.0672 3
    endloop
  endfacet
  facet normal 0 0 1
    outer loop
      vertex 14.9439 -14.0332 3
      vertex 14.5809 -15.527 3
      vertex 15.527 -14.5809 3
    endloop
  endfacet
  facet normal -0 0 1
    outer loop
      vertex 14.0332 -14.9439 3
      vertex 14.5809 -15.527 3
      vertex 14.9439 -14.0332 3
    endloop
  endfacet
  facet normal 0 0 1
    outer loop
      vertex 14.0332 -14.9439 3
      vertex 13.5771 -16.4119 3
      vertex 14.5809 -15.527 3
    endloop
  endfacet
  facet normal -0 0 1
    outer loop
      vertex 13.0672 -15.7955 3
      vertex 13.5771 -16.4119 3
      vertex 14.0332 -14.9439 3
    endloop
  endfacet
  facet normal 0 0 1
    outer loop
      vertex 13.0672 -15.7955 3
      vertex 12.5198 -17.2321 3
      vertex 13.5771 -16.4119 3
    endloop
  endfacet
  facet normal -0 0 1
    outer loop
      vertex 12.0496 -16.5848 3
      vertex 12.5198 -17.2321 3
      vertex 13.0672 -15.7955 3
    endloop
  endfacet
  facet normal 0 0 1
    outer loop
      vertex 12.0496 -16.5848 3
      vertex 11.4131 -17.9842 3
      vertex 12.5198 -17.2321 3
    endloop
  endfacet
  facet normal -0 0 1
    outer loop
      vertex 10.9844 -17.3087 3
      vertex 11.4131 -17.9842 3
      vertex 12.0496 -16.5848 3
    endloop
  endfacet
  facet normal 0 0 1
    outer loop
      vertex 10.9844 -17.3087 3
      vertex 10.2614 -18.6653 3
      vertex 11.4131 -17.9842 3
    endloop
  endfacet
  facet normal -0 0 1
    outer loop
      vertex 9.87595 -17.9643 3
      vertex 10.2614 -18.6653 3
      vertex 10.9844 -17.3087 3
    endloop
  endfacet
  facet normal 0 0 1
    outer loop
      vertex 9.87595 -17.9643 3
      vertex 9.0691 -19.2728 3
      vertex 10.2614 -18.6653 3
    endloop
  endfacet
  facet normal -0 0 1
    outer loop
      vertex 8.72847 -18.549 3
      vertex 9.0691 -19.2728 3
      vertex 9.87595 -17.9643 3
    endloop
  endfacet
  facet normal 0 0 1
    outer loop
      vertex 8.72847 -18.549 3
      vertex 7.84105 -19.8042 3
      vertex 9.0691 -19.2728 3
    endloop
  endfacet
  facet normal -0 0 1
    outer loop
      vertex 7.54655 -19.0604 3
      vertex 7.84105 -19.8042 3
      vertex 8.72847 -18.549 3
    endloop
  endfacet
  facet normal 0 0 1
    outer loop
      vertex 7.54655 -19.0604 3
      vertex 6.58206 -20.2575 3
      vertex 7.84105 -19.8042 3
    endloop
  endfacet
  facet normal -0 0 1
    outer loop
      vertex 6.33485 -19.4967 3
      vertex 6.58206 -20.2575 3
      vertex 7.54655 -19.0604 3
    endloop
  endfacet
  facet normal 0 0 1
    outer loop
      vertex 6.33485 -19.4967 3
      vertex 5.29709 -20.6308 3
      vertex 6.58206 -20.2575 3
    endloop
  endfacet
  facet normal -0 0 1
    outer loop
      vertex 5.09814 -19.856 3
      vertex 5.29709 -20.6308 3
      vertex 6.33485 -19.4967 3
    endloop
  endfacet
  facet normal 0 0 1
    outer loop
      vertex 5.09814 -19.856 3
      vertex 3.99122 -20.9227 3
      vertex 5.29709 -20.6308 3
    endloop
  endfacet
  facet normal -0 0 1
    outer loop
      vertex 3.84132 -20.1369 3
      vertex 3.99122 -20.9227 3
      vertex 5.09814 -19.856 3
    endloop
  endfacet
  facet normal 0 0 1
    outer loop
      vertex 3.84132 -20.1369 3
      vertex 2.6696 -21.132 3
      vertex 3.99122 -20.9227 3
    endloop
  endfacet
  facet normal -0 0 1
    outer loop
      vertex 2.56933 -20.3384 3
      vertex 2.6696 -21.132 3
      vertex 3.84132 -20.1369 3
    endloop
  endfacet
  facet normal 0 0 1
    outer loop
      vertex 2.56933 -20.3384 3
      vertex 1.33744 -21.258 3
      vertex 2.6696 -21.132 3
    endloop
  endfacet
  facet normal -0 0 1
    outer loop
      vertex 1.2872 -20.4595 3
      vertex 1.33744 -21.258 3
      vertex 2.56933 -20.3384 3
    endloop
  endfacet
  facet normal -0 0 1
    outer loop
      vertex 0 -20.5 3
      vertex 1.33744 -21.258 3
      vertex 1.2872 -20.4595 3
    endloop
  endfacet
  facet normal 0 0 1
    outer loop
      vertex 0 -20.5 3
      vertex 0 -21.3 3
      vertex 1.33744 -21.258 3
    endloop
  endfacet
  facet normal 0 0 1
    outer loop
      vertex -1.2872 -20.4595 3
      vertex 0 -21.3 3
      vertex 0 -20.5 3
    endloop
  endfacet
  facet normal 0 0 1
    outer loop
      vertex -1.2872 -20.4595 3
      vertex -1.33744 -21.258 3
      vertex 0 -21.3 3
    endloop
  endfacet
  facet normal 0 0 1
    outer loop
      vertex -2.56933 -20.3384 3
      vertex -1.33744 -21.258 3
      vertex -1.2872 -20.4595 3
    endloop
  endfacet
  facet normal 0 0 1
    outer loop
      vertex -2.56933 -20.3384 3
      vertex -2.6696 -21.132 3
      vertex -1.33744 -21.258 3
    endloop
  endfacet
  facet normal 0 0 1
    outer loop
      vertex -3.84132 -20.1369 3
      vertex -2.6696 -21.132 3
      vertex -2.56933 -20.3384 3
    endloop
  endfacet
  facet normal 0 0 1
    outer loop
      vertex -3.84132 -20.1369 3
      vertex -3.99122 -20.9227 3
      vertex -2.6696 -21.132 3
    endloop
  endfacet
  facet normal 0 0 1
    outer loop
      vertex -5.09814 -19.856 3
      vertex -3.99122 -20.9227 3
      vertex -3.84132 -20.1369 3
    endloop
  endfacet
  facet normal 0 0 1
    outer loop
      vertex -5.09814 -19.856 3
      vertex -5.29709 -20.6308 3
      vertex -3.99122 -20.9227 3
    endloop
  endfacet
  facet normal 0 0 1
    outer loop
      vertex -6.33485 -19.4967 3
      vertex -5.29709 -20.6308 3
      vertex -5.09814 -19.856 3
    endloop
  endfacet
  facet normal 0 0 1
    outer loop
      vertex -6.33485 -19.4967 3
      vertex -6.58206 -20.2575 3
      vertex -5.29709 -20.6308 3
    endloop
  endfacet
  facet normal 0 0 1
    outer loop
      vertex -7.54655 -19.0604 3
      vertex -6.58206 -20.2575 3
      vertex -6.33485 -19.4967 3
    endloop
  endfacet
  facet normal 0 0 1
    outer loop
      vertex -7.54655 -19.0604 3
      vertex -7.84105 -19.8042 3
      vertex -6.58206 -20.2575 3
    endloop
  endfacet
  facet normal 0 0 1
    outer loop
      vertex -8.72847 -18.549 3
      vertex -7.84105 -19.8042 3
      vertex -7.54655 -19.0604 3
    endloop
  endfacet
  facet normal 0 0 1
    outer loop
      vertex -8.72847 -18.549 3
      vertex -9.0691 -19.2728 3
      vertex -7.84105 -19.8042 3
    endloop
  endfacet
  facet normal 0 0 1
    outer loop
      vertex -9.87595 -17.9643 3
      vertex -9.0691 -19.2728 3
      vertex -8.72847 -18.549 3
    endloop
  endfacet
  facet normal 0 0 1
    outer loop
      vertex -9.87595 -17.9643 3
      vertex -10.2614 -18.6653 3
      vertex -9.0691 -19.2728 3
    endloop
  endfacet
  facet normal 0 0 1
    outer loop
      vertex -10.9844 -17.3087 3
      vertex -10.2614 -18.6653 3
      vertex -9.87595 -17.9643 3
    endloop
  endfacet
  facet normal 0 0 1
    outer loop
      vertex -10.9844 -17.3087 3
      vertex -11.4131 -17.9842 3
      vertex -10.2614 -18.6653 3
    endloop
  endfacet
  facet normal 0 0 1
    outer loop
      vertex -12.0496 -16.5848 3
      vertex -11.4131 -17.9842 3
      vertex -10.9844 -17.3087 3
    endloop
  endfacet
  facet normal 0 0 1
    outer loop
      vertex -12.0496 -16.5848 3
      vertex -12.5198 -17.2321 3
      vertex -11.4131 -17.9842 3
    endloop
  endfacet
  facet normal 0 0 1
    outer loop
      vertex -13.0672 -15.7955 3
      vertex -12.5198 -17.2321 3
      vertex -12.0496 -16.5848 3
    endloop
  endfacet
  facet normal 0 0 1
    outer loop
      vertex -13.0672 -15.7955 3
      vertex -13.5771 -16.4119 3
      vertex -12.5198 -17.2321 3
    endloop
  endfacet
  facet normal 0 0 1
    outer loop
      vertex -14.0332 -14.9439 3
      vertex -13.5771 -16.4119 3
      vertex -13.0672 -15.7955 3
    endloop
  endfacet
  facet normal 0 0 1
    outer loop
      vertex -14.0332 -14.9439 3
      vertex -14.5809 -15.527 3
      vertex -13.5771 -16.4119 3
    endloop
  endfacet
  facet normal 0 0 1
    outer loop
      vertex -14.9439 -14.0332 3
      vertex -14.5809 -15.527 3
      vertex -14.0332 -14.9439 3
    endloop
  endfacet
  facet normal 0 0 1
    outer loop
      vertex -14.9439 -14.0332 3
      vertex -15.527 -14.5809 3
      vertex -14.5809 -15.527 3
    endloop
  endfacet
  facet normal 0 0 1
    outer loop
      vertex -15.7955 -13.0672 3
      vertex -15.527 -14.5809 3
      vertex -14.9439 -14.0332 3
    endloop
  endfacet
  facet normal 0 0 1
    outer loop
      vertex -15.7955 -13.0672 3
      vertex -16.4119 -13.5771 3
      vertex -15.527 -14.5809 3
    endloop
  endfacet
  facet normal 0 0 1
    outer loop
      vertex -16.5848 -12.0496 3
      vertex -16.4119 -13.5771 3
      vertex -15.7955 -13.0672 3
    endloop
  endfacet
  facet normal 0 0 1
    outer loop
      vertex -16.5848 -12.0496 3
      vertex -17.2321 -12.5198 3
      vertex -16.4119 -13.5771 3
    endloop
  endfacet
  facet normal 0 0 1
    outer loop
      vertex -17.3087 -10.9844 3
      vertex -17.2321 -12.5198 3
      vertex -16.5848 -12.0496 3
    endloop
  endfacet
  facet normal 0 0 1
    outer loop
      vertex -17.9842 -11.4131 3
      vertex -17.3087 -10.9844 3
      vertex -17.9643 -9.87595 3
    endloop
  endfacet
  facet normal 0 0 1
    outer loop
      vertex -17.3087 -10.9844 3
      vertex -17.9842 -11.4131 3
      vertex -17.2321 -12.5198 3
    endloop
  endfacet
  facet normal 0 0 1
    outer loop
      vertex -18.6653 -10.2614 3
      vertex -17.9643 -9.87595 3
      vertex -18.549 -8.72847 3
    endloop
  endfacet
  facet normal 0 0 1
    outer loop
      vertex -17.9643 -9.87595 3
      vertex -18.6653 -10.2614 3
      vertex -17.9842 -11.4131 3
    endloop
  endfacet
  facet normal 0 0 1
    outer loop
      vertex -19.2728 -9.0691 3
      vertex -18.549 -8.72847 3
      vertex -19.0604 -7.54655 3
    endloop
  endfacet
  facet normal 0 0 1
    outer loop
      vertex -18.549 -8.72847 3
      vertex -19.2728 -9.0691 3
      vertex -18.6653 -10.2614 3
    endloop
  endfacet
  facet normal 0 0 1
    outer loop
      vertex -19.8042 -7.84105 3
      vertex -19.0604 -7.54655 3
      vertex -19.4967 -6.33485 3
    endloop
  endfacet
  facet normal 0 0 1
    outer loop
      vertex -19.0604 -7.54655 3
      vertex -19.8042 -7.84105 3
      vertex -19.2728 -9.0691 3
    endloop
  endfacet
  facet normal 0 0 1
    outer loop
      vertex -20.2575 -6.58206 3
      vertex -19.4967 -6.33485 3
      vertex -19.856 -5.09814 3
    endloop
  endfacet
  facet normal 0 0 1
    outer loop
      vertex -20.6308 -5.29709 3
      vertex -19.856 -5.09814 3
      vertex -20.1369 -3.84132 3
    endloop
  endfacet
  facet normal 0 0 1
    outer loop
      vertex -19.4967 -6.33485 3
      vertex -20.2575 -6.58206 3
      vertex -19.8042 -7.84105 3
    endloop
  endfacet
  facet normal 0 0 1
    outer loop
      vertex -20.9227 -3.99122 3
      vertex -20.1369 -3.84132 3
      vertex -20.3384 -2.56933 3
    endloop
  endfacet
  facet normal 0 0 1
    outer loop
      vertex -21.132 -2.6696 3
      vertex -20.3384 -2.56933 3
      vertex -20.4595 -1.2872 3
    endloop
  endfacet
  facet normal 0 0 1
    outer loop
      vertex -19.856 -5.09814 3
      vertex -20.6308 -5.29709 3
      vertex -20.2575 -6.58206 3
    endloop
  endfacet
  facet normal 0 0 1
    outer loop
      vertex -21.258 -1.33744 3
      vertex -20.4595 -1.2872 3
      vertex -20.5 0 3
    endloop
  endfacet
  facet normal 0 0 1
    outer loop
      vertex -20.3384 2.56933 3
      vertex -21.132 2.6696 3
      vertex -20.4595 1.2872 3
    endloop
  endfacet
  facet normal -0 0 1
    outer loop
      vertex -21.258 1.33744 3
      vertex -20.4595 1.2872 3
      vertex -21.132 2.6696 3
    endloop
  endfacet
  facet normal 0 0 1
    outer loop
      vertex -20.1369 -3.84132 3
      vertex -20.9227 -3.99122 3
      vertex -20.6308 -5.29709 3
    endloop
  endfacet
  facet normal 0 0 1
    outer loop
      vertex -20.4595 1.2872 3
      vertex -21.258 1.33744 3
      vertex -20.5 0 3
    endloop
  endfacet
  facet normal 0 0 1
    outer loop
      vertex -20.3384 -2.56933 3
      vertex -21.132 -2.6696 3
      vertex -20.9227 -3.99122 3
    endloop
  endfacet
  facet normal 0 0 1
    outer loop
      vertex -21.3 0 3
      vertex -20.5 0 3
      vertex -21.258 1.33744 3
    endloop
  endfacet
  facet normal 0 0 1
    outer loop
      vertex -20.4595 -1.2872 3
      vertex -21.258 -1.33744 3
      vertex -21.132 -2.6696 3
    endloop
  endfacet
  facet normal 0 0 1
    outer loop
      vertex -20.5 0 3
      vertex -21.3 0 3
      vertex -21.258 -1.33744 3
    endloop
  endfacet
  facet normal 0 0 1
    outer loop
      vertex 17.9645 1.13023 3
      vertex 17.9645 -1.13023 3
      vertex 18 0 3
    endloop
  endfacet
  facet normal 0 0 1
    outer loop
      vertex 17.8581 2.256 3
      vertex 17.9645 -1.13023 3
      vertex 17.9645 1.13023 3
    endloop
  endfacet
  facet normal 0 0 1
    outer loop
      vertex 17.8581 2.256 3
      vertex 17.8581 -2.256 3
      vertex 17.9645 -1.13023 3
    endloop
  endfacet
  facet normal 0 0 1
    outer loop
      vertex 17.6812 3.37286 3
      vertex 17.8581 -2.256 3
      vertex 17.8581 2.256 3
    endloop
  endfacet
  facet normal 0 0 1
    outer loop
      vertex 17.6812 3.37286 3
      vertex 17.6812 -3.37286 3
      vertex 17.8581 -2.256 3
    endloop
  endfacet
  facet normal 0 0 1
    outer loop
      vertex 17.4345 4.47642 3
      vertex 17.6812 -3.37286 3
      vertex 17.6812 3.37286 3
    endloop
  endfacet
  facet normal 0 0 1
    outer loop
      vertex 17.4345 4.47642 3
      vertex 17.4345 -4.47642 3
      vertex 17.6812 -3.37286 3
    endloop
  endfacet
  facet normal 0 0 1
    outer loop
      vertex 17.119 5.56231 3
      vertex 17.4345 -4.47642 3
      vertex 17.4345 4.47642 3
    endloop
  endfacet
  facet normal 0 0 1
    outer loop
      vertex 17.119 5.56231 3
      vertex 17.119 -5.56231 3
      vertex 17.4345 -4.47642 3
    endloop
  endfacet
  facet normal 0 0 1
    outer loop
      vertex 16.736 6.62624 3
      vertex 17.119 -5.56231 3
      vertex 17.119 5.56231 3
    endloop
  endfacet
  facet normal 0 0 1
    outer loop
      vertex 16.736 6.62624 3
      vertex 16.736 -6.62624 3
      vertex 17.119 -5.56231 3
    endloop
  endfacet
  facet normal 0 0 1
    outer loop
      vertex 16.2869 7.66403 3
      vertex 16.736 -6.62624 3
      vertex 16.736 6.62624 3
    endloop
  endfacet
  facet normal 0 0 1
    outer loop
      vertex 16.2869 7.66403 3
      vertex 16.2869 -7.66403 3
      vertex 16.736 -6.62624 3
    endloop
  endfacet
  facet normal 0 0 1
    outer loop
      vertex 15.7735 8.67157 3
      vertex 16.2869 -7.66403 3
      vertex 16.2869 7.66403 3
    endloop
  endfacet
  facet normal 0 0 1
    outer loop
      vertex 15.7735 8.67157 3
      vertex 15.7735 -8.67157 3
      vertex 16.2869 -7.66403 3
    endloop
  endfacet
  facet normal 0 0 1
    outer loop
      vertex 15.1979 9.64488 3
      vertex 15.7735 -8.67157 3
      vertex 15.7735 8.67157 3
    endloop
  endfacet
  facet normal 0 0 1
    outer loop
      vertex 15.1979 9.64488 3
      vertex 15.1979 -9.64488 3
      vertex 15.7735 -8.67157 3
    endloop
  endfacet
  facet normal 0 0 1
    outer loop
      vertex 14.5623 10.5801 3
      vertex 15.1979 -9.64488 3
      vertex 15.1979 9.64488 3
    endloop
  endfacet
  facet normal 0 0 1
    outer loop
      vertex 14.5623 10.5801 3
      vertex 14.5623 -10.5801 3
      vertex 15.1979 -9.64488 3
    endloop
  endfacet
  facet normal 0 0 1
    outer loop
      vertex 13.8692 11.4736 3
      vertex 14.5623 -10.5801 3
      vertex 14.5623 10.5801 3
    endloop
  endfacet
  facet normal 0 0 1
    outer loop
      vertex 13.8692 11.4736 3
      vertex 13.8692 -11.4736 3
      vertex 14.5623 -10.5801 3
    endloop
  endfacet
  facet normal 0 0 1
    outer loop
      vertex 13.1214 12.3218 3
      vertex 13.8692 -11.4736 3
      vertex 13.8692 11.4736 3
    endloop
  endfacet
  facet normal 0 0 1
    outer loop
      vertex 13.1214 12.3218 3
      vertex 13.1214 -12.3218 3
      vertex 13.8692 -11.4736 3
    endloop
  endfacet
  facet normal 0 0 1
    outer loop
      vertex 12.3218 13.1214 3
      vertex 13.1214 -12.3218 3
      vertex 13.1214 12.3218 3
    endloop
  endfacet
  facet normal 0 0 1
    outer loop
      vertex 12.3218 13.1214 3
      vertex 12.3218 -13.1214 3
      vertex 13.1214 -12.3218 3
    endloop
  endfacet
  facet normal 0 0 1
    outer loop
      vertex 11.4736 13.8692 3
      vertex 12.3218 -13.1214 3
      vertex 12.3218 13.1214 3
    endloop
  endfacet
  facet normal 0 0 1
    outer loop
      vertex 11.4736 13.8692 3
      vertex 11.4736 -13.8692 3
      vertex 12.3218 -13.1214 3
    endloop
  endfacet
  facet normal 0 0 1
    outer loop
      vertex 10.5801 14.5623 3
      vertex 11.4736 -13.8692 3
      vertex 11.4736 13.8692 3
    endloop
  endfacet
  facet normal 0 0 1
    outer loop
      vertex 10.5801 14.5623 3
      vertex 10.5801 -14.5623 3
      vertex 11.4736 -13.8692 3
    endloop
  endfacet
  facet normal 0 0 1
    outer loop
      vertex 9.64488 15.1979 3
      vertex 10.5801 -14.5623 3
      vertex 10.5801 14.5623 3
    endloop
  endfacet
  facet normal 0 0 1
    outer loop
      vertex 9.64488 15.1979 3
      vertex 9.64488 -15.1979 3
      vertex 10.5801 -14.5623 3
    endloop
  endfacet
  facet normal 0 0 1
    outer loop
      vertex 8.67157 15.7735 3
      vertex 9.64488 -15.1979 3
      vertex 9.64488 15.1979 3
    endloop
  endfacet
  facet normal 0 0 1
    outer loop
      vertex 8.67157 15.7735 3
      vertex 8.67157 -15.7735 3
      vertex 9.64488 -15.1979 3
    endloop
  endfacet
  facet normal 0 0 1
    outer loop
      vertex 7.66403 16.2869 3
      vertex 8.67157 -15.7735 3
      vertex 8.67157 15.7735 3
    endloop
  endfacet
  facet normal 0 0 1
    outer loop
      vertex 7.66403 16.2869 3
      vertex 7.66403 -16.2869 3
      vertex 8.67157 -15.7735 3
    endloop
  endfacet
  facet normal 0 0 1
    outer loop
      vertex 6.62624 16.736 3
      vertex 7.66403 -16.2869 3
      vertex 7.66403 16.2869 3
    endloop
  endfacet
  facet normal 0 0 1
    outer loop
      vertex 6.62624 16.736 3
      vertex 6.62624 -16.736 3
      vertex 7.66403 -16.2869 3
    endloop
  endfacet
  facet normal 0 0 1
    outer loop
      vertex 5.56231 17.119 3
      vertex 6.62624 -16.736 3
      vertex 6.62624 16.736 3
    endloop
  endfacet
  facet normal 0 0 1
    outer loop
      vertex 5.56231 17.119 3
      vertex 5.56231 -17.119 3
      vertex 6.62624 -16.736 3
    endloop
  endfacet
  facet normal 0 0 1
    outer loop
      vertex 4.47642 17.4345 3
      vertex 5.56231 -17.119 3
      vertex 5.56231 17.119 3
    endloop
  endfacet
  facet normal 0 0 1
    outer loop
      vertex 4.47642 17.4345 3
      vertex 4.47642 -17.4345 3
      vertex 5.56231 -17.119 3
    endloop
  endfacet
  facet normal 0 0 1
    outer loop
      vertex 3.37286 17.6812 3
      vertex 4.47642 -17.4345 3
      vertex 4.47642 17.4345 3
    endloop
  endfacet
  facet normal 0 0 1
    outer loop
      vertex 3.37286 17.6812 3
      vertex 3.37286 -17.6812 3
      vertex 4.47642 -17.4345 3
    endloop
  endfacet
  facet normal 0 0 1
    outer loop
      vertex 2.256 17.8581 3
      vertex 3.37286 -17.6812 3
      vertex 3.37286 17.6812 3
    endloop
  endfacet
  facet normal 0 0 1
    outer loop
      vertex 2.256 17.8581 3
      vertex 2.256 -17.8581 3
      vertex 3.37286 -17.6812 3
    endloop
  endfacet
  facet normal 0 0 1
    outer loop
      vertex 1.13023 17.9645 3
      vertex 2.256 -17.8581 3
      vertex 2.256 17.8581 3
    endloop
  endfacet
  facet normal 0 0 1
    outer loop
      vertex 1.13023 17.9645 3
      vertex 1.13023 -17.9645 3
      vertex 2.256 -17.8581 3
    endloop
  endfacet
  facet normal 0 0 1
    outer loop
      vertex 0 18 3
      vertex 1.13023 -17.9645 3
      vertex 1.13023 17.9645 3
    endloop
  endfacet
  facet normal 0 0 1
    outer loop
      vertex 0 18 3
      vertex 0 -18 3
      vertex 1.13023 -17.9645 3
    endloop
  endfacet
  facet normal -0 0 1
    outer loop
      vertex -1.13023 17.9645 3
      vertex 0 -18 3
      vertex 0 18 3
    endloop
  endfacet
  facet normal 0 0 1
    outer loop
      vertex -1.13023 17.9645 3
      vertex -1.13023 -17.9645 3
      vertex 0 -18 3
    endloop
  endfacet
  facet normal -0 0 1
    outer loop
      vertex -2.256 17.8581 3
      vertex -1.13023 -17.9645 3
      vertex -1.13023 17.9645 3
    endloop
  endfacet
  facet normal 0 0 1
    outer loop
      vertex -2.256 17.8581 3
      vertex -2.256 -17.8581 3
      vertex -1.13023 -17.9645 3
    endloop
  endfacet
  facet normal -0 0 1
    outer loop
      vertex -3.37286 17.6812 3
      vertex -2.256 -17.8581 3
      vertex -2.256 17.8581 3
    endloop
  endfacet
  facet normal 0 0 1
    outer loop
      vertex -3.37286 17.6812 3
      vertex -3.37286 -17.6812 3
      vertex -2.256 -17.8581 3
    endloop
  endfacet
  facet normal -0 0 1
    outer loop
      vertex -4.47642 17.4345 3
      vertex -3.37286 -17.6812 3
      vertex -3.37286 17.6812 3
    endloop
  endfacet
  facet normal 0 0 1
    outer loop
      vertex -4.47642 17.4345 3
      vertex -4.47642 -17.4345 3
      vertex -3.37286 -17.6812 3
    endloop
  endfacet
  facet normal -0 0 1
    outer loop
      vertex -5.56231 17.119 3
      vertex -4.47642 -17.4345 3
      vertex -4.47642 17.4345 3
    endloop
  endfacet
  facet normal 0 0 1
    outer loop
      vertex -5.56231 17.119 3
      vertex -5.56231 -17.119 3
      vertex -4.47642 -17.4345 3
    endloop
  endfacet
  facet normal -0 0 1
    outer loop
      vertex -6.62624 16.736 3
      vertex -5.56231 -17.119 3
      vertex -5.56231 17.119 3
    endloop
  endfacet
  facet normal 0 0 1
    outer loop
      vertex -6.62624 16.736 3
      vertex -6.62624 -16.736 3
      vertex -5.56231 -17.119 3
    endloop
  endfacet
  facet normal -0 0 1
    outer loop
      vertex -7.66403 16.2869 3
      vertex -6.62624 -16.736 3
      vertex -6.62624 16.736 3
    endloop
  endfacet
  facet normal 0 0 1
    outer loop
      vertex -7.66403 16.2869 3
      vertex -7.66403 -16.2869 3
      vertex -6.62624 -16.736 3
    endloop
  endfacet
  facet normal -0 0 1
    outer loop
      vertex -8.67157 15.7735 3
      vertex -7.66403 -16.2869 3
      vertex -7.66403 16.2869 3
    endloop
  endfacet
  facet normal 0 0 1
    outer loop
      vertex -8.67157 15.7735 3
      vertex -8.67157 -15.7735 3
      vertex -7.66403 -16.2869 3
    endloop
  endfacet
  facet normal -0 0 1
    outer loop
      vertex -9.64488 15.1979 3
      vertex -8.67157 -15.7735 3
      vertex -8.67157 15.7735 3
    endloop
  endfacet
  facet normal 0 0 1
    outer loop
      vertex -9.64488 15.1979 3
      vertex -9.64488 -15.1979 3
      vertex -8.67157 -15.7735 3
    endloop
  endfacet
  facet normal -0 0 1
    outer loop
      vertex -10.5801 14.5623 3
      vertex -9.64488 -15.1979 3
      vertex -9.64488 15.1979 3
    endloop
  endfacet
  facet normal 0 0 1
    outer loop
      vertex -10.5801 14.5623 3
      vertex -10.5801 -14.5623 3
      vertex -9.64488 -15.1979 3
    endloop
  endfacet
  facet normal -0 0 1
    outer loop
      vertex -11.4736 13.8692 3
      vertex -10.5801 -14.5623 3
      vertex -10.5801 14.5623 3
    endloop
  endfacet
  facet normal 0 0 1
    outer loop
      vertex -11.4736 13.8692 3
      vertex -11.4736 -13.8692 3
      vertex -10.5801 -14.5623 3
    endloop
  endfacet
  facet normal -0 0 1
    outer loop
      vertex -12.3218 13.1214 3
      vertex -11.4736 -13.8692 3
      vertex -11.4736 13.8692 3
    endloop
  endfacet
  facet normal 0 0 1
    outer loop
      vertex -12.3218 13.1214 3
      vertex -12.3218 -13.1214 3
      vertex -11.4736 -13.8692 3
    endloop
  endfacet
  facet normal -0 0 1
    outer loop
      vertex -13.1214 12.3218 3
      vertex -12.3218 -13.1214 3
      vertex -12.3218 13.1214 3
    endloop
  endfacet
  facet normal 0 0 1
    outer loop
      vertex -13.1214 12.3218 3
      vertex -13.1214 -12.3218 3
      vertex -12.3218 -13.1214 3
    endloop
  endfacet
  facet normal -0 0 1
    outer loop
      vertex -13.8692 11.4736 3
      vertex -13.1214 -12.3218 3
      vertex -13.1214 12.3218 3
    endloop
  endfacet
  facet normal 0 0 1
    outer loop
      vertex -13.8692 11.4736 3
      vertex -13.8692 -11.4736 3
      vertex -13.1214 -12.3218 3
    endloop
  endfacet
  facet normal -0 0 1
    outer loop
      vertex -14.5623 10.5801 3
      vertex -13.8692 -11.4736 3
      vertex -13.8692 11.4736 3
    endloop
  endfacet
  facet normal 0 0 1
    outer loop
      vertex -14.5623 10.5801 3
      vertex -14.5623 -10.5801 3
      vertex -13.8692 -11.4736 3
    endloop
  endfacet
  facet normal -0 0 1
    outer loop
      vertex -15.1979 9.64488 3
      vertex -14.5623 -10.5801 3
      vertex -14.5623 10.5801 3
    endloop
  endfacet
  facet normal 0 0 1
    outer loop
      vertex -15.1979 9.64488 3
      vertex -15.1979 -9.64488 3
      vertex -14.5623 -10.5801 3
    endloop
  endfacet
  facet normal -0 0 1
    outer loop
      vertex -15.7735 8.67157 3
      vertex -15.1979 -9.64488 3
      vertex -15.1979 9.64488 3
    endloop
  endfacet
  facet normal 0 0 1
    outer loop
      vertex -15.7735 8.67157 3
      vertex -15.7735 -8.67157 3
      vertex -15.1979 -9.64488 3
    endloop
  endfacet
  facet normal -0 0 1
    outer loop
      vertex -16.2869 7.66403 3
      vertex -15.7735 -8.67157 3
      vertex -15.7735 8.67157 3
    endloop
  endfacet
  facet normal 0 0 1
    outer loop
      vertex -16.2869 7.66403 3
      vertex -16.2869 -7.66403 3
      vertex -15.7735 -8.67157 3
    endloop
  endfacet
  facet normal -0 0 1
    outer loop
      vertex -16.736 6.62624 3
      vertex -16.2869 -7.66403 3
      vertex -16.2869 7.66403 3
    endloop
  endfacet
  facet normal 0 0 1
    outer loop
      vertex -16.736 6.62624 3
      vertex -16.736 -6.62624 3
      vertex -16.2869 -7.66403 3
    endloop
  endfacet
  facet normal -0 0 1
    outer loop
      vertex -17.119 5.56231 3
      vertex -16.736 -6.62624 3
      vertex -16.736 6.62624 3
    endloop
  endfacet
  facet normal 0 0 1
    outer loop
      vertex -17.119 5.56231 3
      vertex -17.119 -5.56231 3
      vertex -16.736 -6.62624 3
    endloop
  endfacet
  facet normal -0 0 1
    outer loop
      vertex -17.4345 4.47642 3
      vertex -17.119 -5.56231 3
      vertex -17.119 5.56231 3
    endloop
  endfacet
  facet normal 0 0 1
    outer loop
      vertex -17.4345 4.47642 3
      vertex -17.4345 -4.47642 3
      vertex -17.119 -5.56231 3
    endloop
  endfacet
  facet normal -0 0 1
    outer loop
      vertex -17.6812 3.37286 3
      vertex -17.4345 -4.47642 3
      vertex -17.4345 4.47642 3
    endloop
  endfacet
  facet normal 0 0 1
    outer loop
      vertex -17.6812 3.37286 3
      vertex -17.6812 -3.37286 3
      vertex -17.4345 -4.47642 3
    endloop
  endfacet
  facet normal -0 0 1
    outer loop
      vertex -17.8581 2.256 3
      vertex -17.6812 -3.37286 3
      vertex -17.6812 3.37286 3
    endloop
  endfacet
  facet normal 0 0 1
    outer loop
      vertex -17.8581 2.256 3
      vertex -17.8581 -2.256 3
      vertex -17.6812 -3.37286 3
    endloop
  endfacet
  facet normal -0 0 1
    outer loop
      vertex -17.9645 1.13023 3
      vertex -17.8581 -2.256 3
      vertex -17.8581 2.256 3
    endloop
  endfacet
  facet normal 0 0 1
    outer loop
      vertex -17.9645 1.13023 3
      vertex -17.9645 -1.13023 3
      vertex -17.8581 -2.256 3
    endloop
  endfacet
  facet normal 0 -0 1
    outer loop
      vertex -17.9645 -1.13023 3
      vertex -17.9645 1.13023 3
      vertex -18 0 3
    endloop
  endfacet
  facet normal 0.987691 0.156417 0
    outer loop
      vertex -20.9227 -3.99122 18
      vertex -21.132 -2.6696 3
      vertex -21.132 -2.6696 18
    endloop
  endfacet
  facet normal 0.987691 0.156417 0
    outer loop
      vertex -21.132 -2.6696 3
      vertex -20.9227 -3.99122 18
      vertex -20.9227 -3.99122 3
    endloop
  endfacet
  facet normal -0.156417 0.987691 0
    outer loop
      vertex 3.99122 -20.9227 3
      vertex 2.6696 -21.132 18
      vertex 3.99122 -20.9227 18
    endloop
  endfacet
  facet normal -0.156417 0.987691 0
    outer loop
      vertex 2.6696 -21.132 18
      vertex 3.99122 -20.9227 3
      vertex 2.6696 -21.132 3
    endloop
  endfacet
  facet normal -0.917761 0.397132 0
    outer loop
      vertex 19.2728 -9.0691 3
      vertex 19.8042 -7.84105 18
      vertex 19.8042 -7.84105 3
    endloop
  endfacet
  facet normal -0.917761 0.397132 0
    outer loop
      vertex 19.8042 -7.84105 18
      vertex 19.2728 -9.0691 3
      vertex 19.2728 -9.0691 18
    endloop
  endfacet
  facet normal -0.940872 0.338762 0
    outer loop
      vertex 19.8042 -7.84105 3
      vertex 20.2575 -6.58206 18
      vertex 20.2575 -6.58206 3
    endloop
  endfacet
  facet normal -0.940872 0.338762 0
    outer loop
      vertex 20.2575 -6.58206 18
      vertex 19.8042 -7.84105 3
      vertex 19.8042 -7.84105 18
    endloop
  endfacet
  facet normal 0.999507 -0.0313878 0
    outer loop
      vertex -21.3 0 18
      vertex -21.258 1.33744 3
      vertex -21.258 1.33744 18
    endloop
  endfacet
  facet normal 0.999507 -0.0313878 0
    outer loop
      vertex -21.258 1.33744 3
      vertex -21.3 0 18
      vertex -21.3 0 3
    endloop
  endfacet
  facet normal 0.509034 -0.860746 0
    outer loop
      vertex -11.4131 17.9842 3
      vertex -10.2614 18.6653 15
      vertex -11.4131 17.9842 15
    endloop
  endfacet
  facet normal 0.509034 -0.860746 0
    outer loop
      vertex -10.2614 18.6653 15
      vertex -11.4131 17.9842 3
      vertex -10.2614 18.6653 3
    endloop
  endfacet
  facet normal 0.661274 0.750144 0
    outer loop
      vertex -13.5771 -16.4119 15
      vertex -13.5771 -16.4119 3
      vertex -13.9198 -16.1098 15
    endloop
  endfacet
  facet normal 0.661288 0.750132 -0
    outer loop
      vertex -13.9198 -16.1098 15
      vertex -14.5809 -15.527 18
      vertex -13.9198 -16.1098 18
    endloop
  endfacet
  facet normal 0.661283 0.750137 4.51492e-07
    outer loop
      vertex -14.5809 -15.527 3
      vertex -13.9198 -16.1098 15
      vertex -13.5771 -16.4119 3
    endloop
  endfacet
  facet normal 0.661288 0.750132 0
    outer loop
      vertex -13.9198 -16.1098 15
      vertex -14.5809 -15.527 3
      vertex -14.5809 -15.527 18
    endloop
  endfacet
  facet normal 0.891009 -0.453986 0
    outer loop
      vertex -19.2728 9.0691 18
      vertex -18.6653 10.2614 3
      vertex -18.6653 10.2614 18
    endloop
  endfacet
  facet normal 0.891009 -0.453986 0
    outer loop
      vertex -18.6653 10.2614 3
      vertex -19.2728 9.0691 18
      vertex -19.2728 9.0691 3
    endloop
  endfacet
  facet normal 0.509034 0.860746 -0
    outer loop
      vertex -10.2614 -18.6653 3
      vertex -11.4131 -17.9842 15
      vertex -10.2614 -18.6653 15
    endloop
  endfacet
  facet normal 0.509034 0.860746 0
    outer loop
      vertex -11.4131 -17.9842 15
      vertex -10.2614 -18.6653 3
      vertex -11.4131 -17.9842 3
    endloop
  endfacet
  facet normal 0.397132 0.917761 -0
    outer loop
      vertex -7.84105 -19.8042 3
      vertex -9.0691 -19.2728 15
      vertex -7.84105 -19.8042 15
    endloop
  endfacet
  facet normal 0.397132 0.917761 0
    outer loop
      vertex -9.0691 -19.2728 15
      vertex -7.84105 -19.8042 3
      vertex -9.0691 -19.2728 3
    endloop
  endfacet
  facet normal 0 0 -1
    outer loop
      vertex 19 -4 15
      vertex 21.3 0 15
      vertex 21.258 -1.33744 15
    endloop
  endfacet
  facet normal 0 0 -1
    outer loop
      vertex 19 -4 15
      vertex 21.258 -1.33744 15
      vertex 21.132 -2.6696 15
    endloop
  endfacet
  facet normal 0 0 -1
    outer loop
      vertex 19 4 15
      vertex 21.3 0 15
      vertex 19 -4 15
    endloop
  endfacet
  facet normal 0 0 -1
    outer loop
      vertex 19 -4 15
      vertex 21.132 -2.6696 15
      vertex 20.9227 -3.99122 15
    endloop
  endfacet
  facet normal 0 0 -1
    outer loop
      vertex 21.3 0 15
      vertex 19 4 15
      vertex 21.258 1.33744 15
    endloop
  endfacet
  facet normal 0 0 -1
    outer loop
      vertex 19 -4 15
      vertex 20.9227 -3.99122 15
      vertex 20.9208 -4 15
    endloop
  endfacet
  facet normal 0 0 -1
    outer loop
      vertex 21.258 1.33744 15
      vertex 19 4 15
      vertex 21.132 2.6696 15
    endloop
  endfacet
  facet normal 0 0 -1
    outer loop
      vertex 21.132 2.6696 15
      vertex 19 4 15
      vertex 20.9227 3.99122 15
    endloop
  endfacet
  facet normal 0 0 -1
    outer loop
      vertex 20.9227 3.99122 15
      vertex 19 4 15
      vertex 20.9208 4 15
    endloop
  endfacet
  facet normal -1 0 0
    outer loop
      vertex 19 -4 15
      vertex 19 4 18
      vertex 19 4 15
    endloop
  endfacet
  facet normal -1 -0 0
    outer loop
      vertex 19 4 18
      vertex 19 -4 15
      vertex 19 -4 18
    endloop
  endfacet
  facet normal 0 1 -0
    outer loop
      vertex 20.9208 4 15
      vertex 19 4 18
      vertex 20.9208 4 18
    endloop
  endfacet
  facet normal 0 1 0
    outer loop
      vertex 19 4 18
      vertex 20.9208 4 15
      vertex 19 4 15
    endloop
  endfacet
  facet normal 0 -1 0
    outer loop
      vertex 19 -4 15
      vertex 20.9208 -4 18
      vertex 19 -4 18
    endloop
  endfacet
  facet normal 0 -1 -0
    outer loop
      vertex 20.9208 -4 18
      vertex 19 -4 15
      vertex 20.9208 -4 15
    endloop
  endfacet
  facet normal 0.5 -0.866025 0
    outer loop
      vertex -12.9641 14.4545 15
      vertex -6.0359 18.4545 18
      vertex -12.9641 14.4545 18
    endloop
  endfacet
  facet normal 0.5 -0.866025 0
    outer loop
      vertex -6.0359 18.4545 18
      vertex -12.9641 14.4545 15
      vertex -6.0359 18.4545 15
    endloop
  endfacet
  facet normal 0 0 -1
    outer loop
      vertex -6.0359 18.4545 15
      vertex -7.84105 19.8042 15
      vertex -6.99172 20.11 15
    endloop
  endfacet
  facet normal 0 0 -1
    outer loop
      vertex -6.0359 18.4545 15
      vertex -9.0691 19.2728 15
      vertex -7.84105 19.8042 15
    endloop
  endfacet
  facet normal 0 0 -1
    outer loop
      vertex -6.0359 18.4545 15
      vertex -10.2614 18.6653 15
      vertex -9.0691 19.2728 15
    endloop
  endfacet
  facet normal 0 0 -1
    outer loop
      vertex -12.9641 14.4545 15
      vertex -10.2614 18.6653 15
      vertex -6.0359 18.4545 15
    endloop
  endfacet
  facet normal 0 0 -1
    outer loop
      vertex -10.2614 18.6653 15
      vertex -12.9641 14.4545 15
      vertex -11.4131 17.9842 15
    endloop
  endfacet
  facet normal 0 0 -1
    outer loop
      vertex -11.4131 17.9842 15
      vertex -12.9641 14.4545 15
      vertex -12.5198 17.2321 15
    endloop
  endfacet
  facet normal 0 0 -1
    outer loop
      vertex -12.9641 14.4545 15
      vertex -13.5771 16.4119 15
      vertex -12.5198 17.2321 15
    endloop
  endfacet
  facet normal 0 -0 -1
    outer loop
      vertex -13.5771 16.4119 15
      vertex -12.9641 14.4545 15
      vertex -13.9198 16.1098 15
    endloop
  endfacet
  facet normal 0.866022 0.500007 0
    outer loop
      vertex -6.0359 18.4545 18
      vertex -6.99172 20.11 15
      vertex -6.99172 20.11 18
    endloop
  endfacet
  facet normal 0.866022 0.500007 0
    outer loop
      vertex -6.99172 20.11 15
      vertex -6.0359 18.4545 18
      vertex -6.0359 18.4545 15
    endloop
  endfacet
  facet normal -0.866023 -0.500005 0
    outer loop
      vertex -12.9641 14.4545 15
      vertex -13.9198 16.1098 18
      vertex -13.9198 16.1098 15
    endloop
  endfacet
  facet normal -0.866023 -0.500005 0
    outer loop
      vertex -13.9198 16.1098 18
      vertex -12.9641 14.4545 15
      vertex -12.9641 14.4545 18
    endloop
  endfacet
  facet normal 0 0 -1
    outer loop
      vertex -7.84105 -19.8042 15
      vertex -6.0359 -18.4545 15
      vertex -6.99172 -20.11 15
    endloop
  endfacet
  facet normal 0 0 -1
    outer loop
      vertex -9.0691 -19.2728 15
      vertex -6.0359 -18.4545 15
      vertex -7.84105 -19.8042 15
    endloop
  endfacet
  facet normal 0 0 -1
    outer loop
      vertex -10.2614 -18.6653 15
      vertex -6.0359 -18.4545 15
      vertex -9.0691 -19.2728 15
    endloop
  endfacet
  facet normal 0 0 -1
    outer loop
      vertex -12.9641 -14.4545 15
      vertex -10.2614 -18.6653 15
      vertex -11.4131 -17.9842 15
    endloop
  endfacet
  facet normal 0 0 -1
    outer loop
      vertex -12.9641 -14.4545 15
      vertex -11.4131 -17.9842 15
      vertex -12.5198 -17.2321 15
    endloop
  endfacet
  facet normal 0 0 -1
    outer loop
      vertex -10.2614 -18.6653 15
      vertex -12.9641 -14.4545 15
      vertex -6.0359 -18.4545 15
    endloop
  endfacet
  facet normal 0 0 -1
    outer loop
      vertex -13.5771 -16.4119 15
      vertex -12.9641 -14.4545 15
      vertex -12.5198 -17.2321 15
    endloop
  endfacet
  facet normal 0 0 -1
    outer loop
      vertex -12.9641 -14.4545 15
      vertex -13.5771 -16.4119 15
      vertex -13.9198 -16.1098 15
    endloop
  endfacet
  facet normal 0.5 0.866025 -0
    outer loop
      vertex -6.0359 -18.4545 15
      vertex -12.9641 -14.4545 18
      vertex -6.0359 -18.4545 18
    endloop
  endfacet
  facet normal 0.5 0.866025 0
    outer loop
      vertex -12.9641 -14.4545 18
      vertex -6.0359 -18.4545 15
      vertex -12.9641 -14.4545 15
    endloop
  endfacet
  facet normal -0.866023 0.500005 0
    outer loop
      vertex -13.9198 -16.1098 15
      vertex -12.9641 -14.4545 18
      vertex -12.9641 -14.4545 15
    endloop
  endfacet
  facet normal -0.866023 0.500005 0
    outer loop
      vertex -12.9641 -14.4545 18
      vertex -13.9198 -16.1098 15
      vertex -13.9198 -16.1098 18
    endloop
  endfacet
  facet normal 0.866022 -0.500007 0
    outer loop
      vertex -6.99172 -20.11 18
      vertex -6.0359 -18.4545 15
      vertex -6.0359 -18.4545 18
    endloop
  endfacet
  facet normal 0.866022 -0.500007 0
    outer loop
      vertex -6.0359 -18.4545 15
      vertex -6.99172 -20.11 18
      vertex -6.99172 -20.11 15
    endloop
  endfacet
endsolid OpenSCAD_Model
